-- phpMyAdmin SQL Dump
-- version 3.4.5
-- http://www.phpmyadmin.net
--
-- Host: localhost
-- Generation Time: Feb 03, 2012 at 05:15 PM
-- Server version: 5.5.16
-- PHP Version: 5.3.8

SET SQL_MODE="NO_AUTO_VALUE_ON_ZERO";
SET time_zone = "+00:00";


/*!40101 SET @OLD_CHARACTER_SET_CLIENT=@@CHARACTER_SET_CLIENT */;
/*!40101 SET @OLD_CHARACTER_SET_RESULTS=@@CHARACTER_SET_RESULTS */;
/*!40101 SET @OLD_COLLATION_CONNECTION=@@COLLATION_CONNECTION */;
/*!40101 SET NAMES utf8 */;

--
-- Database: `tamarind`
--

-- --------------------------------------------------------

--
-- Table structure for table `auction_list`
--

CREATE TABLE IF NOT EXISTS `auction_list` (
  `id` bigint(20) NOT NULL AUTO_INCREMENT,
  `serial` varchar(10) NOT NULL,
  `farmer_id` bigint(20) NOT NULL,
  `quality` int(11) NOT NULL,
  `buyer_id` bigint(20) NOT NULL,
  `cost` int(11) NOT NULL,
  `lot_number` int(11) NOT NULL,
  `date` date NOT NULL,
  PRIMARY KEY (`id`)
) ENGINE=InnoDB  DEFAULT CHARSET=latin1 AUTO_INCREMENT=351 ;

--
-- Dumping data for table `auction_list`
--

REPLACE INTO `auction_list` (`id`, `serial`, `farmer_id`, `quality`, `buyer_id`, `cost`, `lot_number`, `date`) VALUES
(1, '', 551, 1, 113, 8500, 5, '2012-02-03'),
(2, '', 552, 2, 50, 8000, 1, '2012-02-03'),
(3, '', 553, 2, 26, 6200, 6, '2012-02-03'),
(4, '', 520, 2, 15, 10700, 2, '2012-02-03'),
(5, '', 525, 2, 24, 6600, 3, '2012-02-03'),
(6, '', 554, 2, 28, 6500, 2, '2012-02-03'),
(7, '', 251, 1, 50, 8300, 2, '2012-02-03'),
(8, '', 214, 1, 44, 8400, 2, '2012-02-03'),
(9, '', 406, 1, 113, 9000, 5, '2012-02-03'),
(10, '', 520, 2, 108, 7200, 2, '2012-02-03'),
(11, '', 555, 1, 44, 9000, 1, '2012-02-03'),
(12, '', 504, 2, 82, 5800, 6, '2012-02-03'),
(13, '', 520, 1, 44, 11000, 1, '2012-02-03'),
(14, '', 38, 1, 44, 10000, 1, '2012-02-03'),
(15, '', 265, 1, 92, 8500, 4, '2012-02-03'),
(16, '', 38, 1, 113, 9100, 4, '2012-02-03'),
(17, '', 556, 2, 114, 6500, 4, '2012-02-03'),
(18, '', 474, 1, 92, 8500, 6, '2012-02-03'),
(19, '', 38, 2, 30, 5800, 3, '2012-02-03'),
(20, '', 555, 2, 50, 6500, 4, '2012-02-03'),
(21, '', 465, 2, 92, 6500, 5, '2012-02-03'),
(22, '', 406, 2, 50, 5500, 6, '2012-02-03'),
(23, '', 558, 2, 82, 5800, 3, '2012-02-03'),
(24, '', 558, 1, 113, 9200, 3, '2012-02-03'),
(25, '', 559, 1, 92, 8600, 2, '2012-02-03'),
(26, '', 265, 2, 114, 6300, 2, '2012-02-03'),
(27, '', 420, 2, 30, 5800, 1, '2012-02-03'),
(28, '', 554, 1, 113, 8700, 1, '2012-02-03'),
(29, '', 534, 1, 92, 8600, 2, '2012-02-03'),
(30, '', 68, 1, 87, 8000, 1, '2012-02-03'),
(31, '', 143, 2, 87, 6100, 7, '2012-02-03'),
(32, '', 265, 1, 29, 11400, 1, '2012-02-03'),
(33, '', 487, 2, 18, 6500, 2, '2012-02-03'),
(34, '', 534, 2, 50, 5800, 2, '2012-02-03'),
(35, '', 511, 2, 92, 6500, 8, '2012-02-03'),
(36, '', 264, 2, 18, 6500, 2, '2012-02-03'),
(37, '', 130, 2, 30, 6000, 5, '2012-02-03'),
(38, '', 474, 2, 40, 6500, 3, '2012-02-03'),
(39, '', 460, 2, 30, 6000, 2, '2012-02-03'),
(40, '', 135, 2, 18, 6500, 10, '2012-02-03'),
(41, '', 143, 1, 113, 9300, 5, '2012-02-03'),
(42, '', 204, 2, 92, 6200, 3, '2012-02-03'),
(43, '', 512, 2, 40, 6200, 1, '2012-02-03'),
(44, '', 131, 2, 30, 5800, 5, '2012-02-03'),
(45, '', 143, 1, 113, 9000, 6, '2012-02-03'),
(46, '', 130, 6, 30, 8300, 2, '2012-02-03'),
(47, '', 497, 1, 30, 8400, 3, '2012-02-03'),
(48, '', 428, 2, 40, 7000, 2, '2012-02-03'),
(49, '', 118, 1, 30, 8400, 4, '2012-02-03'),
(50, '', 561, 1, 92, 8400, 3, '2012-02-03'),
(51, '', 460, 2, 40, 6000, 3, '2012-02-03'),
(52, '', 143, 2, 82, 4500, 5, '2012-02-03'),
(53, '', 204, 1, 29, 9100, 3, '2012-02-03'),
(54, '', 460, 1, 29, 8900, 1, '2012-02-03'),
(55, '', 562, 2, 45, 5300, 1, '2012-02-03'),
(56, '', 401, 2, 40, 6150, 4, '2012-02-03'),
(57, '', 560, 2, 40, 6250, 4, '2012-02-03'),
(58, '', 118, 1, 29, 8600, 2, '2012-02-03'),
(59, '', 428, 1, 113, 9600, 2, '2012-02-03'),
(60, '', 167, 2, 87, 6600, 5, '2012-02-03'),
(61, '', 171, 1, 29, 11000, 2, '2012-02-03'),
(62, '', 132, 1, 92, 8200, 3, '2012-02-03'),
(63, '', 132, 6, 40, 8500, 2, '2012-02-03'),
(64, '', 512, 1, 108, 7000, 1, '2012-02-03'),
(65, '', 171, 2, 68, 6600, 9, '2012-02-03'),
(66, '', 304, 6, 29, 11400, 3, '2012-02-03'),
(67, '', 528, 1, 107, 8500, 2, '2012-02-03'),
(68, '', 563, 2, 68, 6600, 3, '2012-02-03'),
(69, '', 167, 2, 75, 4600, 3, '2012-02-03'),
(70, '', 564, 1, 29, 8600, 1, '2012-02-03'),
(71, '', 335, 1, 113, 9500, 2, '2012-02-03'),
(72, '', 565, 1, 75, 8200, 4, '2012-02-03'),
(73, '', 563, 1, 45, 8000, 5, '2012-02-03'),
(74, '', 566, 1, 29, 11000, 3, '2012-02-03'),
(75, '', 567, 2, 92, 6500, 7, '2012-02-03'),
(76, '', 470, 1, 113, 9000, 3, '2012-02-03'),
(77, '', 470, 2, 75, 6200, 3, '2012-02-03'),
(78, '', 453, 2, 45, 6400, 5, '2012-02-03'),
(79, '', 567, 1, 29, 11700, 1, '2012-02-03'),
(80, '', 570, 2, 87, 6500, 3, '2012-02-03'),
(81, '', 571, 2, 40, 6300, 2, '2012-02-03'),
(82, '', 572, 1, 113, 8500, 1, '2012-02-03'),
(83, '', 111, 1, 15, 8000, 3, '2012-02-03'),
(84, '', 571, 1, 113, 9000, 4, '2012-02-03'),
(85, '', 178, 2, 75, 5100, 6, '2012-02-03'),
(86, '', 78, 2, 50, 6000, 3, '2012-02-03'),
(87, '', 574, 1, 15, 8500, 4, '2012-02-03'),
(88, '', 393, 1, 107, 9300, 3, '2012-02-03'),
(89, '', 78, 1, 23, 8500, 2, '2012-02-03'),
(90, '', 178, 1, 23, 8500, 3, '2012-02-03'),
(91, '', 132, 2, 87, 6400, 8, '2012-02-03'),
(92, '', 136, 1, 23, 9500, 5, '2012-02-03'),
(93, '', 512, 2, 45, 5200, 1, '2012-02-03'),
(94, '', 270, 2, 45, 5100, 6, '2012-02-03'),
(95, '', 392, 1, 23, 8800, 3, '2012-02-03'),
(96, '', 218, 6, 29, 9000, 4, '2012-02-03'),
(97, '', 528, 2, 82, 5800, 1, '2012-02-03'),
(98, '', 393, 2, 65, 6000, 2, '2012-02-03'),
(99, '', 575, 2, 29, 6200, 7, '2012-02-03'),
(100, '', 576, 2, 29, 6700, 4, '2012-02-03'),
(101, '', 218, 1, 29, 9100, 4, '2012-02-03'),
(102, '', 42, 2, 29, 6200, 4, '2012-02-03'),
(103, '', 576, 1, 23, 9000, 3, '2012-02-03'),
(104, '', 392, 2, 82, 5800, 2, '2012-02-03'),
(105, '', 295, 1, 29, 9100, 3, '2012-02-03'),
(106, '', 357, 1, 29, 9700, 3, '2012-02-03'),
(107, '', 577, 1, 23, 8800, 2, '2012-02-03'),
(108, '', 136, 1, 29, 11300, 1, '2012-02-03'),
(109, '', 293, 3, 82, 4000, 2, '2012-02-03'),
(110, '', 574, 2, 65, 6000, 2, '2012-02-03'),
(111, '', 42, 1, 113, 9600, 1, '2012-02-03'),
(112, '', 45, 1, 113, 8900, 3, '2012-02-03'),
(113, '', 357, 2, 29, 6700, 1, '2012-02-03'),
(114, '', 235, 2, 82, 5000, 3, '2012-02-03'),
(115, '', 289, 2, 115, 5700, 1, '2012-02-03'),
(116, '', 56, 1, 113, 8400, 2, '2012-02-03'),
(117, '', 577, 2, 82, 4500, 1, '2012-02-03'),
(118, '', 267, 2, 92, 6000, 1, '2012-02-03'),
(119, '', 488, 1, 23, 8700, 2, '2012-02-03'),
(120, '', 43, 2, 65, 6500, 3, '2012-02-03'),
(121, '', 488, 2, 92, 5900, 1, '2012-02-03'),
(122, '', 43, 1, 29, 10100, 4, '2012-02-03'),
(123, '', 293, 1, 23, 9500, 2, '2012-02-03'),
(124, '', 294, 1, 29, 10500, 3, '2012-02-03'),
(125, '', 136, 2, 24, 6000, 2, '2012-02-03'),
(126, '', 345, 2, 50, 6000, 1, '2012-02-03'),
(127, '', 293, 2, 29, 7200, 2, '2012-02-03'),
(128, '', 479, 2, 24, 6100, 4, '2012-02-03'),
(129, '', 148, 1, 113, 9000, 4, '2012-02-03'),
(130, '', 289, 1, 29, 9000, 3, '2012-02-03'),
(131, '', 148, 2, 29, 6600, 4, '2012-02-03'),
(132, '', 139, 2, 50, 6100, 3, '2012-02-03'),
(133, '', 148, 2, 29, 6600, 4, '2012-02-03'),
(134, '', 319, 2, 50, 6600, 2, '2012-02-03'),
(135, '', 148, 2, 24, 6000, 2, '2012-02-03'),
(136, '', 266, 2, 24, 6000, 2, '2012-02-03'),
(137, '', 365, 1, 29, 9500, 3, '2012-02-03'),
(138, '', 345, 1, 23, 8800, 2, '2012-02-03'),
(139, '', 266, 1, 112, 9000, 1, '2012-02-03'),
(140, '', 139, 1, 113, 9100, 9, '2012-02-03'),
(141, '', 294, 1, 29, 6600, 3, '2012-02-03'),
(142, '', 319, 1, 113, 9200, 4, '2012-02-03'),
(143, '', 267, 1, 23, 8800, 2, '2012-02-03'),
(144, '', 56, 2, 26, 5900, 5, '2012-02-03'),
(145, '', 365, 2, 82, 5000, 3, '2012-02-03'),
(146, '', 578, 1, 23, 9000, 3, '2012-02-03'),
(147, '', 329, 2, 82, 5300, 6, '2012-02-03'),
(148, '', 407, 1, 29, 10000, 4, '2012-02-03'),
(149, '', 268, 2, 50, 6100, 1, '2012-02-03'),
(150, '', 579, 1, 23, 9300, 2, '2012-02-03'),
(151, '', 261, 2, 26, 5700, 1, '2012-02-03'),
(152, '', 476, 1, 40, 8600, 1, '2012-02-03'),
(153, '', 407, 2, 29, 6000, 1, '2012-02-03'),
(154, '', 414, 1, 50, 8200, 1, '2012-02-03'),
(155, '', 233, 2, 29, 6800, 1, '2012-02-03'),
(156, '', 155, 1, 29, 10000, 4, '2012-02-03'),
(157, '', 408, 1, 23, 9000, 1, '2012-02-03'),
(158, '', 494, 1, 113, 9400, 3, '2012-02-03'),
(159, '', 203, 1, 23, 9300, 6, '2012-02-03'),
(160, '', 581, 1, 29, 9300, 6, '2012-02-03'),
(161, '', 408, 2, 26, 6000, 3, '2012-02-03'),
(162, '', 581, 2, 112, 6900, 9, '2012-02-03'),
(163, '', 582, 1, 23, 9000, 3, '2012-02-03'),
(164, '', 382, 1, 112, 9000, 3, '2012-02-03'),
(165, '', 407, 2, 82, 5300, 4, '2012-02-03'),
(166, '', 233, 1, 23, 9200, 3, '2012-02-03'),
(167, '', 382, 1, 26, 8300, 1, '2012-02-03'),
(168, '', 382, 2, 40, 6500, 2, '2012-02-03'),
(169, '', 163, 1, 23, 9000, 3, '2012-02-03'),
(170, '', 584, 2, 26, 6000, 2, '2012-02-03'),
(171, '', 585, 2, 50, 6400, 1, '2012-02-03'),
(172, '', 494, 1, 113, 11800, 2, '2012-02-03'),
(173, '', 579, 1, 112, 8100, 1, '2012-02-03'),
(174, '', 494, 2, 29, 6700, 3, '2012-02-03'),
(175, '', 584, 1, 23, 9400, 4, '2012-02-03'),
(176, '', 499, 2, 40, 6800, 1, '2012-02-03'),
(177, '', 155, 2, 29, 7000, 2, '2012-02-03'),
(178, '', 266, 1, 23, 9000, 1, '2012-02-03'),
(179, '', 499, 1, 15, 9300, 3, '2012-02-03'),
(180, '', 586, 1, 112, 9000, 4, '2012-02-03'),
(181, '', 587, 1, 23, 9000, 1, '2012-02-03'),
(182, '', 588, 1, 112, 9400, 3, '2012-02-03'),
(183, '', 154, 2, 17, 6500, 5, '2012-02-03'),
(184, '', 590, 2, 29, 6400, 2, '2012-02-03'),
(185, '', 154, 1, 113, 9200, 4, '2012-02-03'),
(186, '', 426, 1, 15, 8500, 3, '2012-02-03'),
(187, '', 348, 1, 23, 9000, 3, '2012-02-03'),
(188, '', 93, 2, 17, 6500, 10, '2012-02-03'),
(189, '', 93, 1, 23, 9500, 6, '2012-02-03'),
(190, '', 590, 1, 112, 8600, 5, '2012-02-03'),
(191, '', 592, 2, 114, 6000, 1, '2012-02-03'),
(192, '', 426, 2, 40, 6800, 1, '2012-02-03'),
(193, '', 397, 2, 108, 7100, 3, '2012-02-03'),
(194, '', 334, 1, 15, 12000, 1, '2012-02-03'),
(195, '', 397, 2, 65, 7300, 5, '2012-02-03'),
(196, '', 334, 1, 113, 9100, 4, '2012-02-03'),
(197, '', 592, 1, 113, 9000, 4, '2012-02-03'),
(198, '', 211, 1, 113, 8800, 1, '2012-02-03'),
(199, '', 397, 7, 40, 7300, 5, '2012-02-03'),
(200, '', 594, 2, 82, 5500, 4, '2012-02-03'),
(201, '', 105, 1, 65, 9000, 2, '2012-02-03'),
(202, '', 337, 2, 65, 7500, 6, '2012-02-03'),
(203, '', 211, 2, 35, 5700, 3, '2012-02-03'),
(204, '', 595, 2, 112, 6900, 8, '2012-02-03'),
(205, '', 596, 1, 112, 8600, 1, '2012-02-03'),
(206, '', 456, 1, 113, 9500, 4, '2012-02-03'),
(207, '', 508, 1, 107, 9000, 6, '2012-02-03'),
(208, '', 456, 3, 82, 4000, 3, '2012-02-03'),
(209, '', 597, 2, 65, 6800, 3, '2012-02-03'),
(210, '', 441, 2, 65, 6800, 5, '2012-02-03'),
(211, '', 251, 2, 85, 6100, 5, '2012-02-03'),
(212, '', 598, 1, 102, 8500, 2, '2012-02-03'),
(213, '', 597, 1, 112, 8800, 2, '2012-02-03'),
(214, '', 153, 1, 29, 12100, 3, '2012-02-03'),
(215, '', 508, 2, 112, 6500, 5, '2012-02-03'),
(216, '', 456, 2, 82, 5800, 3, '2012-02-03'),
(217, '', 129, 1, 112, 9000, 4, '2012-02-03'),
(218, '', 595, 1, 65, 8900, 4, '2012-02-03'),
(219, '', 129, 2, 112, 6700, 8, '2012-02-03'),
(220, '', 506, 1, 113, 10300, 4, '2012-02-03'),
(221, '', 153, 2, 65, 7000, 6, '2012-02-03'),
(222, '', 600, 1, 113, 10000, 1, '2012-02-03'),
(223, '', 506, 2, 85, 6500, 9, '2012-02-03'),
(224, '', 129, 1, 113, 10900, 6, '2012-02-03'),
(225, '', 483, 2, 82, 5600, 4, '2012-02-03'),
(226, '', 598, 2, 65, 6800, 2, '2012-02-03'),
(227, '', 601, 2, 35, 6100, 4, '2012-02-03'),
(228, '', 602, 2, 65, 6800, 6, '2012-02-03'),
(229, '', 603, 2, 65, 6600, 1, '2012-02-03'),
(230, '', 604, 2, 112, 6800, 2, '2012-02-03'),
(231, '', 605, 2, 108, 7000, 2, '2012-02-03'),
(232, '', 260, 2, 65, 6800, 3, '2012-02-03'),
(233, '', 605, 1, 44, 9000, 3, '2012-02-03'),
(234, '', 606, 1, 112, 8000, 1, '2012-02-03'),
(235, '', 152, 2, 108, 6650, 5, '2012-02-03'),
(236, '', 603, 1, 44, 9100, 4, '2012-02-03'),
(237, '', 152, 1, 113, 9200, 6, '2012-02-03'),
(238, '', 413, 1, 65, 8500, 3, '2012-02-03'),
(239, '', 604, 1, 102, 8400, 3, '2012-02-03'),
(240, '', 260, 7, 85, 5850, 3, '2012-02-03'),
(241, '', 607, 1, 113, 9200, 1, '2012-02-03'),
(242, '', 151, 1, 112, 8700, 6, '2012-02-03'),
(243, '', 151, 2, 45, 6000, 4, '2012-02-03'),
(244, '', 256, 7, 85, 6000, 3, '2012-02-03'),
(245, '', 260, 1, 57, 9200, 3, '2012-02-03'),
(246, '', 607, 2, 65, 6800, 5, '2012-02-03'),
(247, '', 140, 1, 112, 8800, 5, '2012-02-03'),
(248, '', 140, 2, 17, 6600, 4, '2012-02-03'),
(249, '', 362, 2, 35, 6000, 1, '2012-02-03'),
(250, '', 140, 2, 35, 6400, 6, '2012-02-03'),
(251, '', 609, 1, 57, 9000, 1, '2012-02-03'),
(252, '', 609, 2, 17, 6600, 2, '2012-02-03'),
(253, '', 610, 2, 85, 6700, 1, '2012-02-03'),
(254, '', 611, 2, 35, 6500, 2, '2012-02-03'),
(255, '', 256, 1, 113, 9700, 3, '2012-02-03'),
(256, '', 256, 2, 35, 6400, 3, '2012-02-03'),
(257, '', 202, 2, 108, 6600, 2, '2012-02-03'),
(258, '', 202, 1, 65, 9000, 3, '2012-02-03'),
(259, '', 346, 2, 29, 7000, 3, '2012-02-03'),
(260, '', 611, 1, 113, 8600, 2, '2012-02-03'),
(261, '', 271, 2, 29, 7000, 4, '2012-02-03'),
(262, '', 608, 1, 45, 8000, 3, '2012-02-03'),
(263, '', 71, 2, 108, 7000, 1, '2012-02-03'),
(264, '', 282, 1, 29, 11000, 2, '2012-02-03'),
(265, '', 612, 1, 57, 9200, 1, '2012-02-03'),
(266, '', 613, 1, 17, 8500, 2, '2012-02-03'),
(267, '', 614, 1, 44, 9500, 3, '2012-02-03'),
(268, '', 306, 2, 24, 7000, 6, '2012-02-03'),
(269, '', 311, 2, 24, 6500, 5, '2012-02-03'),
(270, '', 376, 2, 108, 6800, 7, '2012-02-03'),
(271, '', 346, 1, 17, 8800, 2, '2012-02-03'),
(272, '', 612, 2, 111, 6500, 4, '2012-02-03'),
(273, '', 616, 2, 112, 6500, 3, '2012-02-03'),
(274, '', 314, 1, 57, 9800, 2, '2012-02-03'),
(275, '', 282, 2, 24, 6300, 2, '2012-02-03'),
(276, '', 613, 2, 24, 6300, 1, '2012-02-03'),
(277, '', 58, 2, 65, 6600, 5, '2012-02-03'),
(278, '', 311, 1, 24, 8500, 6, '2012-02-03'),
(279, '', 311, 1, 24, 8500, 6, '2012-02-03'),
(280, '', 36, 2, 35, 6300, 2, '2012-02-03'),
(281, '', 389, 1, 113, 10000, 2, '2012-02-03'),
(282, '', 168, 2, 17, 6500, 5, '2012-02-03'),
(283, '', 416, 1, 112, 8700, 2, '2012-02-03'),
(284, '', 197, 1, 17, 8800, 2, '2012-02-03'),
(285, '', 71, 1, 57, 10500, 2, '2012-02-03'),
(286, '', 309, 2, 92, 6400, 4, '2012-02-03'),
(287, '', 421, 1, 57, 9600, 4, '2012-02-03'),
(288, '', 58, 1, 113, 9600, 2, '2012-02-03'),
(289, '', 416, 2, 17, 6300, 3, '2012-02-03'),
(290, '', 617, 1, 65, 9000, 1, '2012-02-03'),
(291, '', 212, 2, 17, 6500, 1, '2012-02-03'),
(292, '', 618, 2, 15, 6800, 4, '2012-02-03'),
(293, '', 193, 1, 15, 8800, 4, '2012-02-03'),
(294, '', 309, 2, 17, 8400, 3, '2012-02-03'),
(295, '', 193, 2, 15, 6700, 4, '2012-02-03'),
(296, '', 58, 1, 23, 12700, 5, '2012-02-03'),
(297, '', 212, 1, 113, 8700, 6, '2012-02-03'),
(298, '', 343, 2, 18, 6000, 4, '2012-02-03'),
(299, '', 197, 2, 15, 6500, 3, '2012-02-03'),
(300, '', 619, 2, 112, 6500, 2, '2012-02-03'),
(301, '', 163, 1, 15, 10000, 3, '2012-02-03'),
(302, '', 168, 1, 116, 9900, 2, '2012-02-03'),
(303, '', 166, 2, 57, 6800, 6, '2012-02-03'),
(304, '', 343, 1, 23, 9000, 3, '2012-02-03'),
(305, '', 620, 2, 35, 6000, 2, '2012-02-03'),
(306, '', 620, 1, 17, 8800, 1, '2012-02-03'),
(307, '', 621, 1, 15, 8700, 3, '2012-02-03'),
(308, '', 622, 1, 116, 12000, 3, '2012-02-03'),
(309, '', 623, 1, 15, 8700, 2, '2012-02-03'),
(310, '', 545, 2, 15, 6900, 2, '2012-02-03'),
(311, '', 624, 1, 15, 9000, 3, '2012-02-03'),
(312, '', 624, 2, 17, 6800, 3, '2012-02-03'),
(313, '', 107, 1, 113, 10500, 3, '2012-02-03'),
(314, '', 107, 2, 111, 6000, 1, '2012-02-03'),
(315, '', 625, 1, 17, 8000, 1, '2012-02-03'),
(316, '', 416, 2, 17, 6600, 3, '2012-02-03'),
(317, '', 362, 1, 113, 8500, 5, '2012-02-03'),
(318, '', 107, 2, 113, 9000, 1, '2012-02-03'),
(319, '', 281, 1, 17, 8700, 3, '2012-02-03'),
(320, '', 626, 1, 113, 9500, 4, '2012-02-03'),
(321, '', 96, 1, 116, 9500, 4, '2012-02-03'),
(322, '', 65, 2, 65, 7000, 4, '2012-02-03'),
(323, '', 362, 2, 85, 6400, 11, '2012-02-03'),
(324, '', 63, 1, 17, 6200, 1, '2012-02-03'),
(325, '', 62, 1, 15, 12100, 1, '2012-02-03'),
(326, '', 65, 1, 111, 8400, 1, '2012-02-03'),
(327, '', 65, 1, 116, 9100, 1, '2012-02-03'),
(328, '', 627, 1, 17, 8600, 2, '2012-02-03'),
(329, '', 281, 2, 85, 6500, 7, '2012-02-03'),
(330, '', 96, 2, 112, 6600, 7, '2012-02-03'),
(331, '', 63, 1, 116, 9600, 3, '2012-02-03'),
(332, '', 461, 3, 85, 5500, 6, '2012-02-03'),
(333, '', 457, 1, 17, 8600, 2, '2012-02-03'),
(334, '', 388, 2, 24, 5000, 2, '2012-02-03'),
(335, '', 628, 2, 19, 6800, 2, '2012-02-03'),
(336, '', 457, 2, 85, 6200, 2, '2012-02-03'),
(337, '', 150, 2, 19, 6800, 3, '2012-02-03'),
(338, '', 62, 3, 85, 6400, 3, '2012-02-03'),
(339, '', 629, 2, 111, 5500, 1, '2012-02-03'),
(340, '', 461, 1, 57, 9500, 3, '2012-02-03'),
(341, '', 630, 2, 15, 7200, 1, '2012-02-03'),
(342, '', 60, 2, 82, 5000, 3, '2012-02-03'),
(343, '', 368, 1, 23, 9300, 2, '2012-02-03'),
(344, '', 150, 1, 15, 8700, 2, '2012-02-03'),
(345, '', 310, 1, 58, 9600, 4, '2012-02-03'),
(346, '', 310, 2, 85, 5500, 3, '2012-02-03'),
(347, '', 631, 1, 113, 8500, 5, '2012-02-03'),
(348, '', 631, 2, 44, 6500, 5, '2012-02-03'),
(349, '', 632, 2, 114, 6200, 7, '2012-02-03'),
(350, '', 608, 2, 35, 6000, 1, '2012-02-03');

-- --------------------------------------------------------

--
-- Table structure for table `buyers`
--

CREATE TABLE IF NOT EXISTS `buyers` (
  `id` bigint(20) NOT NULL AUTO_INCREMENT,
  `name` varchar(300) NOT NULL,
  `short_name` varchar(50) NOT NULL,
  `shop` varchar(300) NOT NULL,
  `street` varchar(300) NOT NULL,
  `town` varchar(300) NOT NULL,
  `phone` varchar(20) NOT NULL,
  `mobile` varchar(20) NOT NULL,
  `email` varchar(300) NOT NULL,
  `fax` varchar(20) NOT NULL,
  `tin` varchar(300) NOT NULL,
  PRIMARY KEY (`id`)
) ENGINE=InnoDB  DEFAULT CHARSET=latin1 AUTO_INCREMENT=118 ;

--
-- Dumping data for table `buyers`
--

REPLACE INTO `buyers` (`id`, `name`, `short_name`, `shop`, `street`, `town`, `phone`, `mobile`, `email`, `fax`, `tin`) VALUES
(15, 'GN', 'NARAYANA', 'BALAJI JAGGERY MERCHANT', 'BAPUJI MARKET COMPLEX', 'ONGOLE', '', '9849348998', '', '', ''),
(16, 'GVK', 'GVKARTHIK', '', '', '', '', '', '', '', ''),
(17, 'DV', 'DESI VENKATESWARULU', '', 'BAPUJI MARKET COMPLEX', 'ONGOLE', '', '9849333480', '', '', ''),
(18, 'HHT', 'HARI HARA TRADERS', '', 'BAPUJI MARKET COMPLEX', 'ONGOLE', '', '9849173078', '', '', ''),
(19, 'NA', 'NUNE ANJINEYULU ', '', 'BAPUJI MARKET COMPLEX', 'ONGOLE', '', '9849594625', '', '', ''),
(20, 'BAN', 'BALCHA AADINARAYANA ', '', 'BAPUJI MARKET COMPLEX', 'ONGOLE', '', '9346211869', '', '', ''),
(21, 'GKS', 'GKS', 'GADHAM SETTY KACHAM SETTY', 'BAPUJI MARKET COMPLEX', 'ONGOLE', '', '9440502542', '', '', ''),
(22, 'MC', 'BADRI', 'MUNAGA CHENNAI ', 'BAPUJI MARKET COMPLEX', 'ONGOLE', '', '9440266086', '', '', ''),
(23, 'EGS', 'EGS', 'ESHWARA GENERAL STORES', 'BAPUJI MARKET COMPLEX', 'ONGOLE', '', '', '', '', ''),
(24, 'TGS', 'T.PRASAD', 'TIRUMALA GENERAL STORES', '', 'KAVALI', '', '9440390727', '', '', ''),
(25, 'ST', 'PRASAD', 'SRINIVASA TRADERS', '', 'KAVALI', '', '', '', '', ''),
(26, 'SLT', 'SEKHAR', 'SRI LAKSHMI TRADERS', 'STONE HOUSE PET', 'NELLORE', '', '9247186161', '', '', ''),
(27, 'SMT', 'SMT', 'SREE MATHA TRADERS', 'STONE HOUSE PET', 'NELLORE', '', '9703707821', '', '', ''),
(28, 'BT', 'BT', 'BAVANITRADERS', 'STONE HOUSE PET', 'NELLORE', '9440843715', '', '', '', ''),
(29, 'm t', 'm t', 'maruthi traders', 'STONE HOUSE PET', 'NELLORE', '', '', '', '', ''),
(30, 'SPT', 's p t', 'sree padhama vathi traders', 'STONE HOUSE PET', 'NELLORE', '', '', '', '', ''),
(31, 'BNR', 'BNR', 'b nagiswara rao', 'STONE HOUSE PET', 'NELLORE', '', '', '', '', ''),
(32, 'AT', 'AT', 'ayyappa traders', 'STONE HOUSE PET', 'NELLORE', '', '', '', '', ''),
(33, 'SVN', 'SV NAGARAJU', '', 'STONE HOUSEPET', 'NELLORE', '', '', '', '', ''),
(35, 'PTC', 'pisala baliji traders', '', 'STONE HOUSE PET', 'NELLORE', '', '', '', '', ''),
(36, 'SNGT', 'SNGT', '', 'STONEHOUSEPET', 'NELLORE', '0861 242983', '', '', '', ''),
(37, 'SNP', 'SNP', '', 'STONE HOUSE PET', 'NELLORE', '', '', '', '', ''),
(39, 'LGT', 'LGT', '', '', 'SATHAYANAPALLI', '', '', '', '', ''),
(40, 'SMS', 'SREEDAR', 'SRI MURALIDHARA SAI TRADERS', 'BAPUJI MARKET COMPLEX', 'ONGOLE', '', '', '', '', ''),
(41, 'JVS', 'J V SUBBARAO', 'JONNALAGADDAVENKATASUBBarao', 'bapuji market complex', 'ongole', '', '', '', '', ''),
(42, 'SVGS', 'SVGS', 'SRIVASAVI GENARAL STORES', 'MAIN ROAD', 'PERALA', '', '9849847873', '', '', ''),
(43, 'SKGS', 'SKGS', 'SRI KANAKADURGA GENARAL STORES', 'MAIN ROAD', 'PERALA', '', '', '', '', ''),
(44, 'DKL', 'D VEERA RAJU', 'DINTIKURTHI VEERA RAJU', 'MAIN ROAD', 'ELURU  W  GODAVARI DT.', '', '9848499234', '', '', ''),
(45, 'PCL', 'P KRISHNA', 'P CHINNA LAKSHMINARAYANA', 'MAIN ROAD', 'KANIGIRI', '', '9440993892', '', '', ''),
(46, 'PN', 'P NARAYANA', 'PAIDIMARRI NARAYANA', 'MAIN ROAD', 'KANIGIRI', '', '', '', '', ''),
(47, 'GVS', 'G V SUBBA RAO', 'GARRE VENKATASUBBARAO', 'PATNAM BAZAR', 'GUNTUR', '', '', '', '', ''),
(48, 'ATC', 'KASI', 'ANNAPURNA TAMARIND COMPANY', 'PATNAM BAZAR', 'GUNTUR', '', '', '', '', ''),
(49, 'MG', 'M GOPAIAH', 'M GOPAIAH SONS', 'MAIN BAZAR', 'TENALI', '', '', '', '', ''),
(50, 'SPN', 'SPN', 'SREE PENCHALA', 'STONE HOUSE PET', 'NELLORE', '', '', '', '', ''),
(51, 'KPR', 'KOTA PANDURANGARAO', 'KOTAPANDURANGARAO SONS', 'MAIN BAZAR', 'CHEERALA', '', '', '', '', ''),
(52, 'DT', 'PRASAD', 'PRASAD TRADERS', 'MAIN BAZAR', 'CHEERALA', '', '', '', '', ''),
(54, 'SR', 'KOTESWARA RAO', 'SRI RAMANJINEYA JOGGARY AND GENARAL MERCHANT', 'MAIN BAZAR ', 'CHEERALA', '', '', '', '', ''),
(55, 'NMT', 'NMT ', 'NAGAMANI TRADERS', 'CHALIVENDRA BAZAR', 'CHILAKALURIPETA', '', '', '', '', ''),
(56, 'SNT', 'SNT', 'SAINATH  TRADERS', 'CHALIVENDRA BAZAR', 'CHILAKALURIPETA', '', '', '', '', ''),
(57, 'SME', 'HARI', 'SRI MARUTHIRAM TRADERS', 'MAIN BAZAR', 'CHALLAPALLI', '', '', '', '', ''),
(58, 'MVG', 'M VENUGOPAL', 'VENUGOPAL TRADING COMPANY', 'MAIN BAZAR', 'MACHALIPATNAM', '', '', '', '', ''),
(59, 'VGS', 'VGS', 'VASAVI GENARAL STORES', 'MAIN BAZAR', 'MACHALIPATNAM', '', '', '', '', ''),
(61, 'VSR', 'VANKA SREERAMAMURTHY', 'VANKASRIRAMAMURTHY SON', 'MAIN BAZAR', 'VIJAYAWADA', '', '', '', '', ''),
(62, 'BJM', 'G NARAYANA', 'BALAJI JOGGARY MERCHANT', 'SBMC', 'ONGOLE', '', '9849348998', '', '', ''),
(63, 'KT', 'BADRINATH', 'MUNAGACHANNAIAH ', 'SBMC', 'ONGOLE', '', '9440668269', '', '', ' '),
(64, 'NRR', 'NUNE RAMARAO', 'NUNE RAMARAO ', 'SRI BAPUJI MARKET COMPLEX', 'ONGOLE', '', '', '', '', ''),
(65, 'VS', 'HARI', 'SRI LAKSHMI TRADERS', 'SBMC', 'ONGOLE', '', '', '', '', ''),
(66, 'PVBR', 'P V BASKER', 'ANURAGA TRADERS', 'SRI PATTABIRAMA MUNDY COMPLEX', 'PRODDUTUR', '', '', '', '', ''),
(67, 'CPS', 'SIVA', 'SRI SATHYA TRADERS', 'MAIN BAZAR', 'BADVEL', '', '', '', '', ''),
(68, 'V M', 'SUBRAMANYAM', 'SRINIVASA TRADERS', 'PORUMAMILLA ROAD', 'BADVEL', '', '', '', '', ''),
(69, 'OCSR', 'O C SUBBARAYUDU', 'OBULASETTY CHINNA SUBBARAYUDU', 'PORUMAMILLA ROAD', 'BADVEL', '', '', '', '', ''),
(70, 'P A', 'P ANANTHAIAH', 'PERLA ANANTHAIH', 'MAIN ROAD', 'BADVEL', '', '', '', '', ''),
(71, 'IS', 'I SATHYANARAYANA', 'IMMIDISETTY SATHYANARAYANA', 'PORUMAMILLA ROAD', 'BADVEL', '', '', '', '', ''),
(72, 'PP', 'P PICHAIAH', 'PERLA PICHAIAH', 'PORUMAMILLA ROAD', 'BADVEL', '', '', '', '', ''),
(73, 'CVS', 'C V SUBRAMANYAM', 'C V SUBRAMANYAM', 'MAIN BAZAR', 'PORUMAMILLA', '', '', '', '', ''),
(74, 'DK', 'DK SUBBARAO', 'DK SUBBARAO', 'MAIN BAZAR', 'PORUMAMILLA', '', '', '', '', ''),
(75, 'TVH', 'HARI', 'T V HARI', 'MAIN BAZAR', 'PORUMAMILLA', '', '', '', '', ''),
(76, 'MVS', 'M V SUBBARAO', 'NADDIPATIVENKATASUBBARAO', 'PATNAM BAZAR', 'GUNTUR', '', '', '', '', ''),
(77, 'DL', 'DESU LINGAIAH', 'DESU LINGAIAH', 'MAIN BAZAR', 'KANDUKUR', '', '', '', '', ''),
(78, 'MS', 'NAGARAJU', 'NAGARAJA ENTERPRISES', 'MAIN BAZAR', 'KANDUKUR', '', '', '', '', ''),
(79, 'SVLP', 'PRASAD', 'SRI VENKATALAKSHMI PROVISIONS', 'TRUNK ROAD', 'KAVALII', '', '', '', '', ''),
(80, 'SVT', 'PRASAD', 'SRI VENKATESWARA TRADERS', 'TRUNK ROAD', 'KAVALII', '', '', '', '', ''),
(81, 'JVSR', 'J V SUBBARAO', 'JONNALAGADDASUBBARAO', 'MAIN ROAD', 'ADDANKI', '', '', '', '', ''),
(82, 'BL', 'BLN SWAMY', 'ANNANNAPURNA TAMARIND COMPANY', 'STONEHOUSEPET', 'NELLORE', '0861 232350', '', '', '', ''),
(83, 'KL', 'KL SWAMY', 'KARAMSETTY LAKSHMAIAH SETTY SON', 'STONE HOUSEPET', 'NELLORE', '', '', '', '', ''),
(84, 'AC', 'A SATISH', 'ADURUCHALAMAIAH SON TRADERS', 'STONE HOUSEPET', 'NELLORE', '', '', '', '', ''),
(85, 'GR', 'G RAMANAIAH', 'BHAGYALAKSHMI SAI TRADERS', 'STONE HOUSEPET', 'NELLORE', '', '', '', '', ''),
(86, 'OVSR', 'O V SUBBARAO', 'OLETI VENKATASUBBARAO', 'STONE HOUSEPET', 'NELLORE', '', '', '', '', ''),
(87, 'DVT', 'D VEERAIH', 'DINTIKURTHI VEERAIAH TRADERS', 'MAIN BAZAR', 'CHEEMAKURTHI', '', '', '', '', ''),
(88, 'TR', 'T RAMAKRISHNA', 'TALLURI RAMAKRISHNA', 'SRI BAPUJI MARKET COMPLEX', 'ONGOLE', '', '', '', '', ''),
(89, 'BVR', 'BVR', 'B VARADARAJAM ', 'SRI BAPUJI MARKET COMPLEX', 'ONGOLE', '', '', '', '', ''),
(90, 'KPS', 'KPS', 'KWALITY PROVISIONS', 'GANDHI BAZAR', 'ONGOLE', '', '', '', '', ''),
(91, 'PSB', 'PSB', 'P.SIDDHU', '', 'PUNGANURU', '', '', '', '', ''),
(92, 'MB', 'M.BASAPPA', 'SRI BASAWASWARA TRADERS', '', 'PILAMANURU', '', '', '', '', ''),
(93, 'ANAND SAI TRADERS (AST)```', 'ANAND', 'AST', 'CHEERALA ', '', '', '', '', '', ''),
(94, 'VIJAYAWADA ENTERPRISES', 'VIJAY', 'V E', 'VIJAYWADA', '', '', '', '', '', ''),
(95, 'TALLURI VENKATESULU', 'TVS', 'T VENKATESWARLU', 'SRI BAPUJI MARKET COMPLEX', 'ONGOLE', '', '', '', '', ''),
(96, 'K V KRISHNAMURTHY (KVK)', 'KVK', 'KVK BABU', 'PARIGI ROAD', 'HINDUPUR', '', '9440289273', '', '', ''),
(97, 'RAMESH TRADING CO.(KVK)', 'RKT', 'RAMESH', 'PARIGI ROAD', 'HINDUPUR', '', '9440289283', '', '', ''),
(98, 'DVS', 'DESI VENKATESWARULU', '', 'BAPUJI MARKET COMPLEX', 'ONGOLE', '', '', '', '', ''),
(99, 'RVS', 'RVS', '', '', 'PODHALI', '', '', '', '', ''),
(100, 'BYS', 'BALCHA AADI NARAYANA', '', '', 'ONGOLR', '', '', '', '', ''),
(101, 'bsr', 'bsr', '', '', 'podhali', '', '', '', '', ''),
(102, 'grk', 'grk', '', 'STONE HOUSE PET', 'NELLORE', '', '', '', '', ''),
(103, 'BLK', 'BLK', '', '', 'NELLORE', '', '', '', '', ''),
(104, 'RKT', 'RKT', '', 'STONE HOUSE PET', 'NELLORE', '', '', '', '', ''),
(105, 'PVSR', 'PV subbarao', '', 'STONE HOUSE PET', 'NELLORE', '', '', '', '', ''),
(106, 'CHN', 'CHN', '', '', 'ONGOLE', '', '', '', '', ''),
(107, 'JK', 'JK', '', '', 'KALYANDURG', '', '', '', '', ''),
(108, 'j', 'j', '', '', 'KALYANDURG', '', '', '', '', ''),
(109, 'TVS', 'TVS', '', 'BAPUJI MARKET COMPLEX', 'ONGOLE', '', '', '', '', ''),
(110, 'SB', 'SB', '', '', 'GUNTAKAL', '', '', '', '', ''),
(111, 'RK', 'RK', '', '', 'PODHALI', '', '', '', '', ''),
(112, 'HK', 'HARI RAMA HARI KRISHNA', '', 'BAPUJI MARKET COMPLEX', 'ONGOLE', '', '', '', '', ''),
(113, 'SRC', 'SRC', 'SAMARLA RAMACHANDRA BABU SON', 'TUTAVARI STREET,MAIN BAZAR', 'ELURU', '08812232154', '9010566666', '', '', '28284966876'),
(114, 'BK', 'BK', '', '', '', '', '', '', '', ''),
(115, 'sab', 'sab', '', '', '', '', '', '', '', ''),
(116, 'lv', 'lv', '', '', '', '', '', '', '', ''),
(117, 'srrt', 'srrt', '', '', '', '', '', '', '', '');

-- --------------------------------------------------------

--
-- Table structure for table `buyer_accounts`
--

CREATE TABLE IF NOT EXISTS `buyer_accounts` (
  `id` bigint(20) NOT NULL AUTO_INCREMENT,
  `buyer_id` bigint(20) NOT NULL,
  `credit` bigint(20) NOT NULL,
  PRIMARY KEY (`id`)
) ENGINE=MyISAM DEFAULT CHARSET=latin1 AUTO_INCREMENT=1 ;

-- --------------------------------------------------------

--
-- Table structure for table `buyer_additions`
--

CREATE TABLE IF NOT EXISTS `buyer_additions` (
  `commission` varchar(10) NOT NULL COMMENT 'percentage',
  `loading` varchar(10) NOT NULL COMMENT 'per bag',
  `labour` varchar(10) NOT NULL COMMENT 'per bag',
  `gumastha` varchar(10) NOT NULL COMMENT 'per bag',
  `gumastha_new` varchar(10) NOT NULL,
  `bags` varchar(10) NOT NULL COMMENT 'per bag',
  `amc` varchar(10) NOT NULL COMMENT 'percentage',
  `rusum` varchar(10) NOT NULL COMMENT 'per bag'
) ENGINE=InnoDB DEFAULT CHARSET=latin1;

--
-- Dumping data for table `buyer_additions`
--

REPLACE INTO `buyer_additions` (`commission`, `loading`, `labour`, `gumastha`, `gumastha_new`, `bags`, `amc`, `rusum`) VALUES
('1', '3', '3', '0.5', '0.5', '28', '1', '0.5');

-- --------------------------------------------------------

--
-- Table structure for table `buyer_bills`
--

CREATE TABLE IF NOT EXISTS `buyer_bills` (
  `id` bigint(20) NOT NULL AUTO_INCREMENT,
  `buyer_id` bigint(20) NOT NULL,
  `date` date NOT NULL,
  `payed_on` date NOT NULL,
  `time` timestamp NOT NULL DEFAULT CURRENT_TIMESTAMP ON UPDATE CURRENT_TIMESTAMP,
  PRIMARY KEY (`id`)
) ENGINE=MyISAM  DEFAULT CHARSET=latin1 AUTO_INCREMENT=64 ;

--
-- Dumping data for table `buyer_bills`
--

REPLACE INTO `buyer_bills` (`id`, `buyer_id`, `date`, `payed_on`, `time`) VALUES
(4, 16, '2012-01-13', '0000-00-00', '2012-01-17 10:23:57'),
(5, 88, '2012-01-20', '0000-00-00', '2012-01-21 09:15:09'),
(6, 91, '2012-01-20', '0000-00-00', '2012-01-21 09:27:24'),
(7, 19, '2012-01-20', '0000-00-00', '2012-01-21 10:13:14'),
(8, 21, '2012-01-20', '0000-00-00', '2012-01-21 10:15:48'),
(9, 18, '2012-01-20', '0000-00-00', '2012-01-21 10:16:34'),
(10, 22, '2012-01-20', '0000-00-00', '2012-01-21 10:17:19'),
(11, 17, '2012-01-20', '0000-00-00', '2012-01-21 10:18:05'),
(12, 84, '2012-01-20', '0000-00-00', '2012-01-21 10:19:59'),
(13, 50, '2012-01-20', '0000-00-00', '2012-01-21 10:21:30'),
(14, 82, '2012-01-20', '0000-00-00', '2012-01-21 10:22:07'),
(15, 31, '2012-01-20', '0000-00-00', '2012-01-21 10:23:33'),
(16, 83, '2012-01-20', '0000-00-00', '2012-01-21 10:23:58'),
(17, 26, '2012-01-20', '0000-00-00', '2012-01-21 10:24:40'),
(18, 24, '2012-01-20', '0000-00-00', '2012-01-21 10:25:10'),
(19, 25, '2012-01-20', '0000-00-00', '2012-01-21 10:25:40'),
(20, 44, '2012-01-20', '0000-00-00', '2012-01-21 10:26:02'),
(21, 92, '2012-01-20', '0000-00-00', '2012-01-21 10:26:24'),
(22, 15, '2012-01-20', '0000-00-00', '2012-01-21 10:44:00'),
(23, 20, '2012-01-20', '0000-00-00', '2012-01-21 10:46:25'),
(24, 88, '2012-01-27', '0000-00-00', '2012-01-28 14:14:19'),
(25, 19, '2012-01-27', '0000-00-00', '2012-01-28 14:18:21'),
(26, 18, '2012-01-27', '0000-00-00', '2012-01-28 14:19:20'),
(27, 65, '2012-01-27', '0000-00-00', '2012-01-28 14:20:36'),
(28, 17, '2012-01-27', '0000-00-00', '2012-01-28 14:28:17'),
(29, 24, '2012-01-27', '0000-00-00', '2012-01-28 14:33:20'),
(30, 25, '2012-01-27', '0000-00-00', '2012-01-28 14:34:31'),
(31, 21, '2012-01-27', '0000-00-00', '2012-01-28 14:49:14'),
(32, 23, '2012-01-27', '0000-00-00', '2012-01-28 14:49:51'),
(33, 112, '2012-01-27', '0000-00-00', '2012-01-28 14:50:34'),
(34, 20, '2012-01-27', '0000-00-00', '2012-01-28 15:02:33'),
(35, 41, '2012-01-27', '0000-00-00', '2012-01-28 15:03:42'),
(36, 109, '2012-01-27', '0000-00-00', '2012-01-28 15:11:47'),
(37, 100, '2012-01-27', '0000-00-00', '2012-01-28 15:14:12'),
(38, 22, '2012-01-27', '0000-00-00', '2012-01-28 15:22:20'),
(39, 15, '2012-01-27', '0000-00-00', '2012-01-28 15:31:39'),
(40, 107, '2012-01-27', '0000-00-00', '2012-01-29 04:57:01'),
(41, 108, '2012-01-27', '0000-00-00', '2012-01-29 04:58:27'),
(42, 101, '2012-01-27', '0000-00-00', '2012-01-29 05:33:04'),
(43, 85, '2012-01-27', '0000-00-00', '2012-01-29 07:47:58'),
(44, 102, '2012-01-27', '0000-00-00', '2012-01-29 07:49:13'),
(45, 83, '2012-01-27', '0000-00-00', '2012-01-29 07:50:10'),
(46, 26, '2012-01-27', '0000-00-00', '2012-01-29 07:51:10'),
(47, 50, '2012-01-27', '0000-00-00', '2012-01-29 07:52:15'),
(48, 30, '2012-01-27', '0000-00-00', '2012-01-29 07:52:48'),
(49, 35, '2012-01-27', '0000-00-00', '2012-01-29 07:53:52'),
(50, 103, '2012-01-27', '0000-00-00', '2012-01-29 07:54:56'),
(51, 28, '2012-01-27', '0000-00-00', '2012-01-29 07:58:04'),
(52, 29, '2012-01-27', '0000-00-00', '2012-01-29 07:58:40'),
(53, 105, '2012-01-27', '0000-00-00', '2012-01-29 07:59:20'),
(54, 106, '2012-01-27', '0000-00-00', '2012-01-29 08:00:11'),
(55, 82, '2012-01-27', '0000-00-00', '2012-01-29 08:01:15'),
(56, 27, '2012-01-27', '0000-00-00', '2012-01-29 08:05:04'),
(57, 104, '2012-01-27', '0000-00-00', '2012-01-29 11:23:26'),
(58, 92, '2012-01-27', '0000-00-00', '2012-01-29 11:24:40'),
(59, 91, '2012-01-27', '0000-00-00', '2012-01-30 05:29:07'),
(60, 99, '2012-01-27', '0000-00-00', '2012-01-30 08:35:53'),
(61, 98, '2012-01-27', '0000-00-00', '2012-01-30 08:36:05'),
(62, 111, '2012-01-27', '0000-00-00', '2012-01-30 08:36:35'),
(63, 87, '2012-01-27', '0000-00-00', '2012-01-30 08:36:57');

-- --------------------------------------------------------

--
-- Table structure for table `buyer_credit_usage`
--

CREATE TABLE IF NOT EXISTS `buyer_credit_usage` (
  `id` bigint(20) NOT NULL AUTO_INCREMENT,
  `buyer_id` bigint(20) NOT NULL,
  `bill_id` bigint(20) NOT NULL,
  `money` int(11) NOT NULL,
  `description` text NOT NULL,
  `date` date NOT NULL,
  PRIMARY KEY (`id`)
) ENGINE=MyISAM  DEFAULT CHARSET=latin1 AUTO_INCREMENT=13 ;

--
-- Dumping data for table `buyer_credit_usage`
--

REPLACE INTO `buyer_credit_usage` (`id`, `buyer_id`, `bill_id`, `money`, `description`, `date`) VALUES
(12, 16, 4, 5000, 'online sbi 1.1.2013', '2012-01-17');

-- --------------------------------------------------------

--
-- Table structure for table `buyer_expenses`
--

CREATE TABLE IF NOT EXISTS `buyer_expenses` (
  `id` bigint(20) NOT NULL AUTO_INCREMENT,
  `bill_id` bigint(20) NOT NULL,
  `description` varchar(225) NOT NULL,
  `money` int(11) NOT NULL,
  PRIMARY KEY (`id`)
) ENGINE=MyISAM  DEFAULT CHARSET=latin1 AUTO_INCREMENT=25 ;

-- --------------------------------------------------------

--
-- Table structure for table `company`
--

CREATE TABLE IF NOT EXISTS `company` (
  `name` text NOT NULL,
  `town` varchar(200) NOT NULL,
  `favicon` text NOT NULL,
  `bill_bg` text NOT NULL
) ENGINE=InnoDB DEFAULT CHARSET=latin1;

--
-- Dumping data for table `company`
--

REPLACE INTO `company` (`name`, `town`, `favicon`, `bill_bg`) VALUES
('<b style="font-size:14px;">JBA BALAJI TRADERS</b>\r\n<br/>\r\n<div style="font-weight:normal;">\r\nTAMARIND MERCHANTS\r\n<br/>\r\n&amp;\r\n<br/>\r\nCOMMISION AGENT\r\n<br/>\r\nKALYANDURG\r\n<br/>\r\nPIN:515761\r\n</div>', 'Kalyandurg', '', '');

-- --------------------------------------------------------

--
-- Table structure for table `farmers`
--

CREATE TABLE IF NOT EXISTS `farmers` (
  `id` bigint(20) NOT NULL AUTO_INCREMENT,
  `village_id` bigint(20) NOT NULL,
  `name` varchar(300) NOT NULL,
  PRIMARY KEY (`id`)
) ENGINE=InnoDB  DEFAULT CHARSET=latin1 AUTO_INCREMENT=633 ;

--
-- Dumping data for table `farmers`
--

REPLACE INTO `farmers` (`id`, `village_id`, `name`) VALUES
(27, 16, 'sairam'),
(28, 21, 'karthik'),
(29, 17, 'sainath'),
(30, 17, 'abdulla'),
(31, 24, 'p.ibrahim'),
(33, 32, 'E.prakash'),
(34, 21, 'a.erriswamy'),
(35, 31, 'jayaveera'),
(36, 36, 'chandra'),
(37, 32, 'chinnamallappa.K'),
(38, 17, 'SV'),
(39, 18, 'S.chalamappa'),
(40, 18, 'SK.vannurappa'),
(41, 18, 's lakhmanamurthy'),
(42, 24, 'allabakash'),
(43, 24, 'pc.masthan'),
(44, 28, 'malli.k'),
(45, 24, 'A.rajappa'),
(46, 24, 'veeraraju'),
(47, 18, 'k.puttappa'),
(48, 18, 'bommanna'),
(49, 18, 'BBR'),
(50, 18, 'B.nagappa'),
(51, 19, 'kamanna.B'),
(52, 19, 'kamanna.K'),
(53, 18, 'jugappa.K'),
(54, 17, 'P.shekshavali'),
(55, 18, 'KVR'),
(56, 24, 'jem'),
(58, 18, 'NL.murthi'),
(59, 24, 'J.nabi'),
(60, 24, 'ujjanappa'),
(61, 24, 'revanna.k'),
(62, 24, 'thippamma.k'),
(63, 24, 'marekka.k'),
(64, 24, 'kariyanna'),
(65, 24, 'NK'),
(66, 24, 'hanumatha rayudu.K'),
(67, 19, 'jo obulesh'),
(68, 19, 'jumanu obulesh'),
(69, 19, 'G.eeranna'),
(70, 19, 'MLN'),
(71, 19, 'MRP'),
(72, 19, 'mahalingappa.D'),
(73, 19, 'vannurappa.D'),
(74, 19, 'ramangineyulu.b'),
(75, 19, 'teacher obulesh'),
(76, 19, 'hanumantha rayudu.B'),
(77, 19, 'hanumatha rayudu.K'),
(78, 19, 'mubhu eranna'),
(79, 19, 'MHR'),
(80, 19, 'd.keshanna'),
(81, 19, 'MSR'),
(82, 19, 'hanumantha.K'),
(83, 23, 'sanjivappa h'),
(84, 23, 'Y.hampanna'),
(85, 23, 'Y.sivanandha'),
(86, 23, 'N.sakrappa'),
(87, 23, 'N.malli'),
(90, 23, 'Y.ramurathy'),
(91, 23, 'KHR.teacher'),
(92, 23, 'm.gangamma'),
(93, 23, 'Gangamma.p'),
(95, 23, 'KVNP'),
(96, 23, 'KHR'),
(97, 23, 'manju.K'),
(98, 23, 'MK.manjunatha'),
(99, 23, 'maggam bhagathamma'),
(100, 23, 'MK.nagappa'),
(101, 18, 'raa'),
(102, 18, 'kencha.D'),
(103, 18, 'chandra.'),
(104, 18, 't.gangamma'),
(105, 18, 'malla govindha'),
(106, 21, 'gv.hari'),
(107, 17, 'pd.vannuruswamy'),
(108, 17, 'p.anuvar basha'),
(109, 17, 'kp.rapi'),
(111, 17, 'D.Kullaiewamy'),
(112, 18, 'musalappa.B'),
(113, 18, 'SRK'),
(114, 18, 'govappa k'),
(115, 18, 'manju.K'),
(116, 18, 'gangamma.N'),
(117, 18, 'nagaraju.KP'),
(118, 22, 'ES'),
(119, 21, 'sivamma'),
(120, 21, 'varalakshami pujari'),
(121, 18, 'PTP'),
(122, 18, 'ramangineyulu.k'),
(124, 18, 'k.bojjappa'),
(126, 18, 'narayanamma s'),
(127, 18, 'g.saikamur'),
(128, 18, 'j.narayanappa'),
(129, 44, 'VNR'),
(130, 44, 'babu.P'),
(131, 44, 'u.eranna'),
(132, 44, 'S.eranna'),
(133, 44, 'aminamma.P'),
(134, 22, 'BN'),
(135, 25, 'MGS'),
(136, 28, 'mabu'),
(137, 28, 'sidhappa.K'),
(138, 28, 'lavanya.T'),
(139, 17, 'peerusab'),
(140, 20, 'KM'),
(141, 20, 'T.Rajanna'),
(143, 20, 'MJS'),
(144, 20, 'hamier'),
(145, 18, 'SH'),
(146, 18, 'ATS'),
(147, 18, 'ALM'),
(148, 24, 'm.fakruddin'),
(149, 24, 'KTS'),
(150, 24, 'K.lokeesh'),
(151, 27, 'ER'),
(152, 27, 'pidha gangappa'),
(153, 63, 'obulesh'),
(154, 28, 'b.anjinappa'),
(155, 28, 'kaja'),
(156, 28, 'ramaliga'),
(157, 28, 'mala.gangadhara'),
(158, 28, 'akila'),
(159, 31, 't.gopal'),
(160, 31, 'madhu'),
(161, 17, 'ramesh'),
(162, 26, 'KR.padhammavathi'),
(163, 26, 'kasim'),
(164, 26, 'yuvaraju'),
(165, 26, 'p.babu'),
(166, 26, 'marinna'),
(167, 26, 'p.somanna'),
(168, 26, 'subramanim'),
(169, 18, 'GKM'),
(170, 26, 'Gajula.thimmaraidu'),
(171, 66, 'chandhu'),
(172, 66, 'chinna'),
(173, 31, 'sathish'),
(174, 31, 'harish'),
(175, 31, 'ramangineyulu'),
(176, 67, 'kh.rangappa'),
(177, 26, 'k.ramangi'),
(178, 37, 'g.palayya'),
(179, 37, 'g.sumalatha'),
(180, 37, 'g.raghu'),
(181, 37, 't.gangadhara'),
(182, 37, 'y.asrith'),
(183, 21, 'd.anji'),
(184, 50, 'a'),
(185, 43, 'vinkatisullu'),
(186, 43, 'm.govindhappa'),
(187, 43, 'G.donathimmappa'),
(188, 43, 'mallikarjuna'),
(189, 43, 'sivachithappa'),
(190, 38, 'b.puttappa'),
(191, 38, 'vattippa'),
(192, 26, 'k.sirappa'),
(193, 30, 'gopi'),
(194, 30, 'manoj'),
(196, 30, 'gurumurthi'),
(197, 30, 'imamsab'),
(198, 26, 'narayana.K'),
(199, 45, 'CIB'),
(200, 45, 'rajak'),
(201, 45, 'remeshbabu'),
(202, 25, 'samiulla'),
(203, 45, 'fakruddin '),
(204, 44, 'babayya'),
(205, 18, 'ulla.hanumanthappa'),
(206, 44, 'i.ramalinga'),
(207, 44, 'j.pathanna'),
(208, 44, 'b.rajappa'),
(209, 44, 't.remesh'),
(210, 44, 'kollappa'),
(211, 68, 'dastagiri'),
(212, 68, 'jalil'),
(213, 68, 'manju'),
(214, 21, 'n.nagaraju'),
(215, 68, 'thimmappa'),
(216, 18, 'SVT'),
(217, 21, 'kadharam kistappa'),
(218, 69, 'chowdappa.P'),
(219, 69, 'gunamma.P'),
(220, 18, 'KM.raju'),
(221, 18, 'KM.davaraju'),
(222, 18, 's.ravi'),
(223, 18, 'c.hanumanthappa'),
(224, 20, 'JP'),
(225, 20, 'JG'),
(226, 18, 'pennaobulesh'),
(227, 18, 'k.marriswamy'),
(228, 18, 'l.barath'),
(229, 18, 'KK.murthi'),
(230, 18, 'k.sivasankar'),
(231, 45, 'CHR'),
(232, 45, 'kasimsab'),
(233, 45, 'palayya'),
(234, 45, 'pakkirappa'),
(235, 24, 'MRS'),
(236, 18, 'L.ramangineyulu'),
(237, 18, 'S.narayanappa'),
(238, 18, 'S.ramurthi'),
(240, 18, 's.narayanamma'),
(241, 18, 'SK.nagaraju'),
(242, 18, 'b.eswaramma'),
(243, 18, 's.anilkamur'),
(244, 18, 'm.sivanna'),
(245, 18, 's.manjunatha'),
(246, 18, 'p.ramakrustana'),
(247, 18, 'm.gurappa'),
(248, 18, 'SMK'),
(249, 18, 'SB.kodhanda'),
(250, 23, 'g.nagindhara'),
(251, 23, 'p.nagaraju'),
(253, 22, 'PS.gowd'),
(254, 25, 'MIS'),
(256, 25, 'shapi.m'),
(257, 25, 'm.babu'),
(258, 23, 'p.mahish'),
(259, 25, 'anji'),
(260, 25, 'sowkath'),
(261, 28, 'shekshavali'),
(262, 28, 'yallappa'),
(263, 28, 'mallish'),
(264, 28, 't.vannuruswamy'),
(265, 28, 't.thimmappa'),
(266, 28, 'm.vannuruswamy'),
(267, 28, 'm.ramanjiniullu'),
(268, 28, 'srikanth'),
(269, 37, 'jayamma'),
(270, 37, 'hanumantha rayudu'),
(271, 18, 'VSR'),
(272, 18, 'SN.ravi'),
(273, 18, 'n.malliswari'),
(274, 18, 'pinnaoblush.m'),
(275, 18, 's.chinnaraju'),
(276, 18, 'niragati narasappa'),
(277, 18, 'BNR'),
(278, 18, 'k.mariswamy'),
(279, 70, 'sivasakar'),
(280, 23, 'k.manjamma'),
(281, 23, 'hanumanta'),
(282, 23, 'g.ramanna'),
(283, 23, 'alivelamma'),
(284, 23, 'n.kalasappa'),
(285, 23, 'p.ramanji'),
(286, 25, 'dadha'),
(287, 18, 'siralla adhimurthi'),
(288, 59, 'bojjappa'),
(289, 28, 'k.anitha'),
(291, 27, 'suban'),
(293, 24, 'basarsab'),
(294, 24, 'b.ashok'),
(295, 24, 'm.satthar'),
(296, 24, 'rasul'),
(297, 40, 't.mallikarjunna'),
(298, 40, 'nagaraju'),
(299, 71, 'verupakhhi'),
(300, 71, 'omkar'),
(301, 31, 'kambalappa'),
(302, 31, 'ramangjinappa'),
(304, 44, 'eranna'),
(305, 19, 'KER'),
(306, 19, 'JBHR'),
(307, 19, 'k.hanumantha'),
(308, 19, 'p.kamalamma'),
(309, 19, 'BRJ'),
(310, 45, 'CTM'),
(311, 19, 'chinna oblush'),
(312, 46, 'kalil'),
(313, 25, 'ziyaulla'),
(314, 23, 'kalavathi'),
(315, 23, 'pavgoda ramanjineyulu'),
(316, 38, 'malli'),
(317, 25, 'babu'),
(318, 25, 'shamiulla'),
(319, 24, 'shariff'),
(320, 24, 'm.abdulla'),
(321, 28, 'kriyanna.k'),
(322, 18, 'ravi.sn'),
(323, 18, 'hanumatha rayudu.b'),
(324, 18, 'ramamurthu.y'),
(325, 18, 'nagendra.c'),
(326, 31, 'timmarayappa'),
(327, 44, 's.chenappa'),
(328, 18, 'kistappa.p'),
(329, 45, 'alisab'),
(330, 17, 'kasimpeera'),
(331, 28, 'nagaraju'),
(332, 40, 'nagaraju'),
(333, 28, 'emamsab'),
(334, 28, 'ramanjinappa.b'),
(335, 26, 'dasari thippiswamy'),
(336, 21, 'muralli'),
(337, 21, 'murali'),
(338, 72, 'eswrappa'),
(339, 21, 'ramachandra'),
(340, 21, 'gangadhara'),
(341, 73, 'BHR'),
(342, 17, 'm.jayanna'),
(343, 38, 'malli'),
(344, 18, 'mulanna'),
(345, 28, 'vrupakhhi'),
(346, 21, 'tinkaula ramappa'),
(347, 21, 'gd vannuruswamy'),
(348, 28, 'harish'),
(349, 21, 'm.sina'),
(350, 38, 'p.narasimhappa'),
(351, 38, 'ramanna'),
(352, 74, 'd.nagendra'),
(353, 57, 'sriramullu'),
(354, 21, 'hamali'),
(355, 17, 'p.basha'),
(356, 50, 'am'),
(357, 24, 'KNR'),
(358, 44, 'botla eeranna'),
(359, 23, 'y.lakshminarayana'),
(360, 23, 'sp.chennappa'),
(361, 23, 'c.malappa'),
(362, 29, 'maruthi'),
(363, 18, 'siralla nagindhara'),
(364, 21, 'dhanunjaya'),
(365, 24, 'm.jafarsab'),
(366, 18, 'b.papanna'),
(367, 58, 'eranna'),
(368, 58, 'bobbayya'),
(369, 58, 'gangadhara'),
(370, 77, 'js'),
(371, 38, 'sarojamma'),
(372, 38, 'd'),
(373, 59, 'babu'),
(374, 24, 'BRL'),
(375, 18, 'gangappa'),
(376, 44, 'BHP'),
(377, 24, 'd.vali'),
(378, 17, 'b.baskhar'),
(379, 19, 'gopal'),
(380, 24, 'b.anil'),
(381, 18, 'c.nagendra'),
(382, 17, 'kp'),
(383, 78, 'seenappa'),
(384, 41, 'SN'),
(385, 28, 'p.dhamu'),
(386, 58, 'pula viranji'),
(387, 25, 'MKLS'),
(388, 24, 'rajamma'),
(389, 23, 'y.manjunatha'),
(390, 79, 'ramanji'),
(391, 37, 'g,hari'),
(392, 37, 't.mallikarjuna'),
(393, 37, 'p.sirisha'),
(394, 18, 'akula ningappa'),
(395, 37, 'g.palayya'),
(396, 18, 'k.papanna'),
(397, 21, 'p.kistappa'),
(398, 37, 't.minakhi'),
(399, 37, 'jayamma'),
(400, 68, 'shamir'),
(401, 22, 'BTS'),
(402, 37, 'a.lakshammakka'),
(403, 22, 'bheeralinga'),
(404, 37, 'y.gangappa'),
(405, 45, 'afrid'),
(406, 80, 'YSR'),
(407, 45, 'kasim sab'),
(408, 45, 'samiulla'),
(409, 80, 'mabusab'),
(410, 21, 'nagaraju'),
(411, 45, 'abdullah'),
(412, 33, 'narasimhappa'),
(413, 27, 'NARASIMHA'),
(414, 28, 'hussane'),
(415, 45, 'pakkirappa'),
(416, 56, 'vannurappa'),
(418, 26, 'vamshi'),
(419, 17, 'd.kasim'),
(420, 28, 'emamsab'),
(421, 81, 'chandra..'),
(422, 83, 'fougi'),
(423, 82, 'b.anjinappa.'),
(424, 21, 'k.srinivasulu'),
(425, 54, 'vani'),
(426, 21, 'a.vannurakka'),
(427, 19, 'oblesappa'),
(428, 22, 'BTR'),
(429, 72, 'b.bojjanna'),
(430, 43, 'g.mallikarjunna'),
(431, 32, 'abdul.rehaman'),
(432, 43, 'anitha'),
(433, 38, 'br.puttappa'),
(434, 26, 'raghu'),
(435, 44, 't.ramalingappa'),
(436, 21, 'sina'),
(437, 21, 'n.narayanappa'),
(438, 44, 'anjinappa'),
(439, 17, 'razak'),
(440, 21, 'a.eeranna'),
(441, 57, 'anasuyamma'),
(442, 57, 'radhamma'),
(443, 57, 't.pallavi'),
(444, 31, 'manjuppa'),
(445, 57, 'hema'),
(446, 83, 'vahida'),
(447, 46, 'SDM'),
(448, 84, 'papanna'),
(449, 39, 'chand'),
(450, 58, 'narayanappa'),
(451, 86, 'sudha'),
(452, 85, 'hari'),
(453, 66, 'lakshmi'),
(455, 26, 'pujari.narayanappa'),
(456, 30, 'Rayuduu'),
(457, 24, 'c.mallikarjuna'),
(458, 18, 's.padhammavathi'),
(460, 44, 'a.naganna'),
(461, 24, 'c.nagaraju'),
(462, 18, 'l.srinivasullu'),
(463, 24, 'c.nagesh'),
(464, 24, 'chinna kasim'),
(465, 38, 'b.ramanna'),
(466, 19, 'obl'),
(467, 28, 'mrk'),
(468, 26, 'lakshmidevi'),
(469, 18, 'l.savitramma'),
(470, 26, 'd.marriswamy'),
(471, 21, 'pujari.kamappa'),
(472, 28, 'k.ramanji'),
(473, 18, 'yaragaram ramanji'),
(474, 28, 'chandranna'),
(475, 28, 't.govindha'),
(476, 28, 'aravind'),
(477, 87, 'KMA'),
(478, 18, 'm.nagaraju'),
(479, 24, 'fakruddin.p'),
(480, 28, 'n.kristappa'),
(481, 28, 'pasulla ramanji'),
(483, 23, 'sakrappa'),
(484, 18, 'vakalo kistappa'),
(485, 48, 'govindappa'),
(486, 88, 'TKM'),
(487, 28, 'k.manjunath'),
(488, 28, 'k.nagendra'),
(489, 28, 'dadu'),
(490, 21, 'sugipalli erriswamy'),
(491, 28, 'nagendra'),
(492, 28, 'ko.eeranna'),
(493, 18, 's.nagaraju'),
(494, 28, 'k.lingappa'),
(495, 28, 'ramanji'),
(496, 18, 'bmr'),
(497, 28, 'ellappa'),
(498, 18, 'm.sinappa'),
(499, 28, 'aslam'),
(500, 19, 'BHR.'),
(501, 73, 'siva linga'),
(502, 86, 'seena'),
(503, 19, 'TNP'),
(504, 24, 'babu.'),
(505, 19, 'k.maruthi'),
(506, 23, 'nsp'),
(507, 24, 'g.inthyaz'),
(508, 21, 'kolatla.anjineyulu'),
(509, 21, 'kotturu seena'),
(510, 18, 'b.manju'),
(511, 44, 'bvl'),
(512, 44, 'b.eranna'),
(513, 18, 'revana siddiswara'),
(514, 28, 'b.prakash'),
(515, 28, 'm.virupakshi'),
(516, 23, 'm.venkatesh'),
(517, 23, 'k.ramesh'),
(518, 18, 'malla venkatesh'),
(519, 23, 'bkhr'),
(520, 38, 'ramachandra'),
(521, 18, 'tsl'),
(522, 18, 'p.akhila'),
(523, 18, 'nandhu'),
(524, 18, 'ramurthy'),
(525, 21, 'rdg anumappa'),
(526, 21, 'ko narasimhappa'),
(527, 18, 'b.bramharaju'),
(528, 28, 'daragappa'),
(529, 27, 'mala vannurappa'),
(530, 18, 'k.gangappa'),
(531, 38, 'krishnamurthy'),
(532, 22, 'g.basappa'),
(534, 28, 'jalil'),
(535, 72, 'p.thimmappa'),
(536, 28, 'gapur'),
(537, 28, 'govardana'),
(538, 28, 'sinappa'),
(539, 30, 'v.rayudu'),
(540, 28, 'k.anjinappa'),
(541, 18, 'k.murili'),
(542, 19, 'ols'),
(543, 59, 'durgappa'),
(544, 90, 'ramangi'),
(545, 32, 'eeranna'),
(546, 17, 'eranna'),
(549, 28, 'vannuruswamy'),
(550, 38, 'dhee'),
(551, 20, 't.bojjanna'),
(552, 24, 'b..ramanna'),
(553, 24, 'gajula ravi'),
(554, 18, 'B.GOPAL'),
(555, 23, 'GVN'),
(556, 21, 'GUNDLA VANNURSWAMY'),
(557, 57, 'b.ramanna'),
(558, 21, 'npn'),
(559, 18, 'r.ramanji'),
(560, 22, 'ellappa'),
(561, 22, 'g.krishna'),
(562, 22, 'g.nagaraju'),
(563, 26, 'k.sankarappa'),
(564, 26, 'P.SOMANNA'),
(565, 17, 'ANWAR BASHA'),
(566, 20, 'NAGIR'),
(567, 26, 'D.CHINNA'),
(568, 26, 'd.marriswamy'),
(569, 26, 'd.marriswamy'),
(570, 17, 'd.anwarbash'),
(571, 26, 'p.thimmarayudu'),
(572, 26, 't.nagabushanna'),
(573, 26, 'p.thimmarayudu'),
(574, 69, 'kalpana'),
(576, 36, 'mks'),
(577, 28, 'k.sakamma'),
(578, 28, 'k.anumappa'),
(579, 28, 'jabi'),
(580, 28, 'fakruddin'),
(581, 21, 'ramaswamy'),
(582, 17, 'd.vannur vali'),
(583, 28, 'kasim'),
(584, 28, 'k.yalappa'),
(585, 28, 'harikrishna'),
(586, 28, 'k.malli'),
(587, 28, 'k.ashok'),
(588, 28, 'k.kariyanna'),
(589, 28, 'b.anjinappa'),
(590, 28, 'rafi'),
(591, 28, 'b.anjinappa'),
(592, 28, 'k.kistappa'),
(593, 21, 'a.vannurakka'),
(594, 68, 'vasim'),
(595, 23, 'mk.hanumatharaya'),
(596, 68, 'vasi'),
(597, 23, 'g.siganna'),
(598, 23, 'kamiah'),
(599, 23, 'g.siganna'),
(600, 23, 'y.nagamai'),
(601, 23, 'y.mani'),
(602, 21, 'b.seena'),
(603, 21, 'bro'),
(604, 27, 'm.mallikarjuna'),
(605, 27, 'b.narayana'),
(606, 51, 'brs'),
(607, 25, 'gina'),
(608, 20, 'maruthi'),
(609, 44, 'borappa'),
(610, 75, 'adisheshu'),
(611, 36, 'msp'),
(612, 23, 'g.nagendra'),
(613, 23, 'k.lakshmanamurthy'),
(614, 17, 'by.govindappa'),
(615, 19, 'bhp'),
(616, 23, 'h.aadinarayana'),
(617, 75, 'vasoorappa'),
(618, 21, 'kamadasu'),
(619, 26, 'fatima'),
(620, 30, 'b.jayamma'),
(621, 22, 'nilamma'),
(622, 75, 'sai'),
(623, 22, 'k.patalinga'),
(624, 75, 'ningamma'),
(625, 28, 'sivanna'),
(626, 69, 'vannurappa'),
(627, 24, 'c.malli'),
(628, 24, 't.hanumantharaya'),
(629, 24, 'b.anitha'),
(630, 24, 'arl'),
(631, 20, 'b.bommanna'),
(632, 20, 'b.narendra');

-- --------------------------------------------------------

--
-- Table structure for table `farmer_accounts`
--

CREATE TABLE IF NOT EXISTS `farmer_accounts` (
  `id` bigint(20) NOT NULL AUTO_INCREMENT,
  `farmer_id` bigint(20) NOT NULL,
  `credit` bigint(20) NOT NULL,
  PRIMARY KEY (`id`)
) ENGINE=InnoDB  DEFAULT CHARSET=latin1 AUTO_INCREMENT=307 ;

--
-- Dumping data for table `farmer_accounts`
--

REPLACE INTO `farmer_accounts` (`id`, `farmer_id`, `credit`) VALUES
(1, 28, 0),
(2, 280, -10),
(3, 284, -15000),
(4, 281, -82),
(5, 330, -72),
(6, 54, -646),
(7, 342, -6),
(8, 143, -293),
(9, 277, -24145),
(10, 337, -9973),
(11, 44, -12509),
(12, 288, -81),
(13, 204, -28),
(14, 270, -7520),
(15, 269, -268),
(16, 268, -8516),
(17, 138, -4057),
(18, 347, -40),
(19, 226, -187),
(20, 352, -4355),
(21, 104, -8289),
(22, 276, -15),
(23, 312, -34),
(24, 279, -13991),
(25, 341, -4082),
(26, 325, -283),
(27, 262, -10124),
(28, 348, -62),
(29, 335, -20),
(30, 58, -841),
(31, 344, -13),
(32, 273, -157),
(33, 41, -3713),
(34, 302, -84),
(35, 326, -46),
(36, 157, -7260),
(37, 298, -1327),
(38, 328, -107),
(39, 136, -11238),
(40, 293, -10951),
(41, 289, -357),
(42, 290, -1445),
(43, 340, -876),
(44, 334, -16062),
(45, 299, -13),
(46, 300, -48),
(47, 51, -21),
(48, 308, -62),
(49, 297, -6),
(50, 264, -21),
(51, 266, 0),
(52, 345, -8),
(53, 135, -828),
(54, 294, -67),
(55, 254, -288),
(56, 286, -85),
(57, 324, -331),
(58, 321, -543),
(59, 310, -58),
(60, 329, -10099),
(61, 265, -15176),
(62, 349, -70),
(63, 316, -35),
(64, 351, -165),
(65, 267, -7756),
(66, 256, -8402),
(67, 301, -3400),
(68, 313, -168),
(69, 260, -5785),
(70, 202, -190),
(71, 259, -23),
(72, 350, -83),
(73, 317, -69),
(74, 323, -145),
(75, 199, -150),
(76, 309, -41),
(77, 322, -196),
(78, 271, -9),
(79, 307, -330),
(80, 291, -83),
(81, 346, -83),
(82, 155, -12906),
(83, 263, -527),
(84, 296, -122),
(85, 320, -228),
(86, 295, -21),
(87, 311, -83),
(88, 166, -93),
(89, 148, -7737),
(90, 261, -26),
(91, 38, -32029),
(92, 333, -96),
(93, 305, -7),
(94, 338, -126),
(95, 339, -7592),
(96, 149, -83),
(97, 121, -376),
(98, 408, -322),
(99, 405, -233),
(100, 234, -4349),
(101, 524, -180),
(102, 523, -266),
(103, 444, -227),
(104, 412, -5),
(105, 528, -14004),
(106, 499, -3348),
(107, 434, -38),
(108, 64, -50),
(109, 515, -4354),
(110, 531, -83),
(111, 211, -4032),
(112, 67, -10000),
(113, 218, -471),
(114, 219, -366),
(115, 353, -6),
(116, 131, -342),
(117, 472, -929),
(118, 429, -99),
(119, 512, -12),
(120, 489, -99),
(121, 392, -2255),
(122, 398, -2085),
(123, 373, -92),
(124, 274, -5411),
(125, 327, -83),
(126, 387, -630),
(127, 516, -51),
(128, 52, -10345),
(129, 494, -13752),
(130, 492, -28),
(131, 487, -4784),
(132, 34, -155),
(133, 490, -46),
(134, 406, -495),
(135, 409, -17),
(136, 529, -34),
(137, 183, -199),
(138, 419, -10000),
(139, 401, -102),
(140, 428, -11),
(141, 491, -6528),
(142, 436, -73),
(143, 80, -5052),
(144, 501, -38),
(145, 171, -323),
(146, 217, -5240),
(147, 539, -5317),
(148, 175, -82),
(149, 152, -585),
(150, 215, -21),
(151, 525, -10830),
(152, 435, -62),
(153, 438, -44),
(154, 540, -78),
(155, 508, -2195),
(156, 427, -62),
(157, 154, -24),
(158, 130, -2732),
(159, 520, -170),
(160, 132, -261),
(161, 526, -3127),
(162, 481, -9184),
(163, 160, -891),
(164, 475, -8786),
(165, 448, -48),
(166, 378, -39),
(167, 356, -43),
(168, 541, -259),
(169, 480, -7000),
(170, 453, -9),
(171, 287, -54),
(172, 532, -20),
(173, 496, -28),
(174, 451, -343),
(175, 153, -20003),
(176, 159, -4425),
(177, 503, -961),
(178, 381, -26349),
(179, 361, -261),
(180, 363, -310),
(181, 493, -100),
(182, 502, -36),
(183, 49, -10002),
(184, 498, -15000),
(185, 497, -10009),
(186, 395, -2562),
(187, 178, -229),
(188, 404, -3453),
(189, 391, -3101),
(190, 542, -787),
(191, 462, -97),
(192, 369, -12),
(193, 117, -36),
(194, 114, -87),
(195, 371, -53),
(196, 452, -15),
(197, 473, -499),
(198, 45, -40978),
(199, 416, -5607),
(200, 517, -31),
(201, 201, -44),
(202, 411, -18),
(203, 461, -23301),
(204, 543, -2),
(205, 464, -71),
(206, 43, -15731),
(207, 31, -12551),
(208, 519, -33),
(209, 466, -51),
(210, 357, -20),
(211, 483, -44),
(212, 530, -10),
(213, 368, -713),
(214, 365, -65),
(215, 544, -41),
(216, 396, -323),
(217, 383, -270),
(218, 355, -10027),
(219, 445, -124),
(220, 486, -89),
(221, 426, -52),
(222, 471, -54),
(223, 125, -99),
(224, 470, -73),
(225, 449, -92),
(226, 423, -1960),
(227, 460, -27),
(228, 197, -946),
(229, 465, -21),
(230, 485, -38),
(231, 430, -94),
(232, 477, -38),
(233, 193, -22),
(234, 433, -81),
(235, 282, -127),
(236, 55, -79),
(237, 468, -56),
(238, 522, -130),
(239, 48, -77),
(240, 403, -5253),
(241, 535, -77),
(242, 101, -12251),
(243, 536, -40),
(244, 505, -55),
(245, 518, -60),
(246, 418, -5365),
(247, 362, -5376),
(248, 511, -89),
(249, 376, -3),
(250, 358, -83),
(251, 424, -2343),
(252, 379, -90),
(253, 484, -99),
(254, 469, -46),
(255, 278, -48),
(256, 407, -50),
(257, 455, -82),
(258, 364, -6807),
(259, 413, -78),
(260, 534, -74),
(261, 425, -100),
(262, 545, -7),
(263, 500, -7296),
(264, 527, -226),
(265, 389, -86),
(266, 359, -15),
(267, 420, -100),
(268, 129, -35),
(269, 414, -73),
(270, 467, -18),
(271, 437, -11),
(272, 443, -70),
(273, 442, -1),
(274, 441, -8),
(275, 439, -29),
(276, 546, -80),
(277, 410, -5931),
(278, 214, -2485),
(279, 431, -88),
(280, 112, -88),
(281, 446, -34),
(282, 447, -68),
(283, 422, -38),
(284, 457, -18),
(285, 463, -5914),
(286, 382, -338),
(287, 397, -35),
(288, 29, -15389),
(289, 513, -8011),
(290, 275, -3190),
(291, 548, -10),
(292, 53, -10097),
(293, 146, -91),
(294, 386, -69),
(295, 549, -30),
(296, 212, -2),
(297, 402, -53),
(298, 59, -309),
(299, 421, -2444),
(300, 56, -16056),
(301, 61, -25441),
(302, 370, -23),
(303, 63, 0),
(304, 375, -2),
(305, 163, -9090),
(306, 432, -10767);

-- --------------------------------------------------------

--
-- Table structure for table `farmer_bills`
--

CREATE TABLE IF NOT EXISTS `farmer_bills` (
  `id` bigint(20) NOT NULL AUTO_INCREMENT,
  `farmer_id` bigint(20) NOT NULL,
  `date` date NOT NULL,
  `advance` int(11) NOT NULL,
  `freight` int(11) NOT NULL,
  `misc` int(11) NOT NULL,
  `payed_on` date NOT NULL,
  `time` timestamp NOT NULL DEFAULT CURRENT_TIMESTAMP,
  PRIMARY KEY (`id`)
) ENGINE=InnoDB  DEFAULT CHARSET=latin1 AUTO_INCREMENT=376 ;

--
-- Dumping data for table `farmer_bills`
--

REPLACE INTO `farmer_bills` (`id`, `farmer_id`, `date`, `advance`, `freight`, `misc`, `payed_on`, `time`) VALUES
(1, 28, '2012-01-13', 0, 0, 0, '0000-00-00', '2012-01-17 10:21:56'),
(2, 54, '2012-01-20', 0, 0, 0, '0000-00-00', '2012-01-21 09:30:20'),
(3, 304, '2012-01-20', 0, 0, 0, '0000-00-00', '2012-01-21 09:33:26'),
(4, 327, '2012-01-20', 0, 0, 0, '0000-00-00', '2012-01-21 09:39:03'),
(5, 217, '2012-01-20', 0, 0, 0, '0000-00-00', '2012-01-21 10:09:53'),
(6, 59, '2012-01-20', 0, 0, 0, '0000-00-00', '2012-01-21 10:28:19'),
(7, 58, '2012-01-20', 0, 0, 0, '0000-00-00', '2012-01-23 03:40:33'),
(8, 337, '2012-01-20', 0, 0, 0, '0000-00-00', '2012-01-23 05:08:06'),
(9, 280, '2012-01-20', 0, 0, 0, '0000-00-00', '2012-01-23 06:26:28'),
(10, 284, '2012-01-20', 0, 0, 0, '0000-00-00', '2012-01-23 06:33:05'),
(11, 258, '2012-01-20', 0, 0, 0, '0000-00-00', '2012-01-23 06:38:12'),
(12, 283, '2012-01-20', 0, 0, 0, '0000-00-00', '2012-01-23 06:44:00'),
(13, 281, '2012-01-20', 0, 0, 0, '0000-00-00', '2012-01-23 06:46:02'),
(14, 315, '2012-01-20', 0, 0, 0, '0000-00-00', '2012-01-23 06:50:36'),
(15, 251, '2012-01-20', 0, 0, 0, '0000-00-00', '2012-01-23 06:53:44'),
(16, 330, '2012-01-20', 0, 0, 0, '0000-00-00', '2012-01-23 06:56:22'),
(17, 342, '2012-01-20', 0, 0, 0, '0000-00-00', '2012-01-23 06:59:54'),
(18, 143, '2012-01-20', 0, 0, 0, '0000-00-00', '2012-01-23 07:01:07'),
(19, 277, '2012-01-20', 0, 0, 0, '0000-00-00', '2012-01-23 07:02:55'),
(20, 44, '2012-01-20', 0, 0, 0, '0000-00-00', '2012-01-23 07:12:39'),
(21, 288, '2012-01-20', 0, 0, 0, '0000-00-00', '2012-01-23 07:14:39'),
(22, 204, '2012-01-20', 0, 0, 0, '0000-00-00', '2012-01-23 07:16:29'),
(23, 270, '2012-01-20', 0, 0, 0, '0000-00-00', '2012-01-23 07:18:00'),
(24, 269, '2012-01-20', 0, 0, 0, '0000-00-00', '2012-01-23 07:19:57'),
(25, 268, '2012-01-20', 0, 0, 0, '0000-00-00', '2012-01-23 07:21:20'),
(26, 138, '2012-01-20', 0, 0, 0, '0000-00-00', '2012-01-23 07:23:00'),
(27, 347, '2012-01-20', 0, 0, 0, '0000-00-00', '2012-01-23 07:27:51'),
(28, 226, '2012-01-20', 0, 0, 0, '0000-00-00', '2012-01-23 07:29:20'),
(29, 352, '2012-01-20', 0, 0, 0, '0000-00-00', '2012-01-23 07:30:26'),
(30, 104, '2012-01-20', 0, 0, 0, '0000-00-00', '2012-01-23 07:31:47'),
(31, 276, '2012-01-20', 0, 0, 0, '0000-00-00', '2012-01-23 07:33:29'),
(32, 312, '2012-01-20', 0, 0, 0, '0000-00-00', '2012-01-23 07:34:55'),
(33, 279, '2012-01-20', 0, 0, 0, '0000-00-00', '2012-01-23 07:37:50'),
(34, 341, '2012-01-20', 0, 0, 0, '0000-00-00', '2012-01-23 07:39:28'),
(35, 325, '2012-01-20', 0, 0, 0, '0000-00-00', '2012-01-23 07:41:16'),
(36, 262, '2012-01-20', 0, 0, 0, '0000-00-00', '2012-01-23 07:47:27'),
(37, 348, '2012-01-20', 0, 0, 0, '0000-00-00', '2012-01-23 07:51:47'),
(38, 335, '2012-01-20', 0, 0, 0, '0000-00-00', '2012-01-23 07:53:26'),
(39, 344, '2012-01-20', 0, 0, 0, '0000-00-00', '2012-01-23 07:56:35'),
(40, 273, '2012-01-20', 0, 0, 0, '0000-00-00', '2012-01-23 07:57:53'),
(41, 41, '2012-01-20', 0, 0, 0, '0000-00-00', '2012-01-23 07:59:08'),
(42, 302, '2012-01-20', 0, 0, 0, '0000-00-00', '2012-01-23 08:02:41'),
(43, 326, '2012-01-20', 0, 0, 0, '0000-00-00', '2012-01-23 08:04:26'),
(44, 157, '2012-01-20', 0, 0, 0, '0000-00-00', '2012-01-23 08:05:34'),
(45, 298, '2012-01-20', 0, 0, 0, '0000-00-00', '2012-01-23 08:10:46'),
(46, 328, '2012-01-20', 0, 0, 0, '0000-00-00', '2012-01-23 08:14:47'),
(47, 136, '2012-01-20', 0, 0, 0, '0000-00-00', '2012-01-23 08:20:55'),
(48, 293, '2012-01-20', 0, 0, 0, '0000-00-00', '2012-01-23 08:23:20'),
(49, 289, '2012-01-20', 0, 0, 0, '0000-00-00', '2012-01-23 08:28:28'),
(50, 290, '2012-01-20', 0, 0, 0, '0000-00-00', '2012-01-23 08:30:15'),
(51, 340, '2012-01-20', 0, 0, 0, '0000-00-00', '2012-01-23 08:31:07'),
(52, 334, '2012-01-20', 0, 0, 0, '0000-00-00', '2012-01-23 08:34:45'),
(53, 299, '2012-01-20', 0, 0, 0, '0000-00-00', '2012-01-23 08:36:13'),
(54, 300, '2012-01-20', 0, 0, 0, '0000-00-00', '2012-01-23 08:37:48'),
(55, 51, '2012-01-20', 0, 0, 0, '0000-00-00', '2012-01-23 08:38:47'),
(56, 308, '2012-01-20', 0, 0, 0, '0000-00-00', '2012-01-23 08:40:25'),
(57, 297, '2012-01-20', 0, 0, 0, '0000-00-00', '2012-01-23 08:41:42'),
(58, 264, '2012-01-20', 0, 0, 0, '0000-00-00', '2012-01-23 08:43:13'),
(59, 266, '2012-01-20', 0, 0, 0, '0000-00-00', '2012-01-23 08:44:25'),
(60, 345, '2012-01-20', 0, 0, 0, '0000-00-00', '2012-01-23 08:47:08'),
(61, 135, '2012-01-20', 0, 0, 0, '0000-00-00', '2012-01-23 08:48:39'),
(62, 294, '2012-01-20', 0, 0, 0, '0000-00-00', '2012-01-23 08:50:41'),
(63, 254, '2012-01-20', 0, 0, 0, '0000-00-00', '2012-01-23 08:51:33'),
(64, 286, '2012-01-20', 0, 0, 0, '0000-00-00', '2012-01-23 08:52:50'),
(65, 324, '2012-01-20', 0, 0, 0, '0000-00-00', '2012-01-23 08:54:41'),
(66, 321, '2012-01-20', 0, 0, 0, '0000-00-00', '2012-01-23 08:58:02'),
(67, 310, '2012-01-20', 0, 0, 0, '0000-00-00', '2012-01-23 08:59:46'),
(68, 329, '2012-01-20', 0, 0, 0, '0000-00-00', '2012-01-23 09:00:44'),
(69, 265, '2012-01-20', 0, 0, 0, '0000-00-00', '2012-01-23 09:01:58'),
(70, 349, '2012-01-20', 0, 0, 0, '0000-00-00', '2012-01-23 09:04:46'),
(71, 316, '2012-01-20', 0, 0, 0, '0000-00-00', '2012-01-23 09:06:53'),
(72, 351, '2012-01-20', 0, 0, 0, '0000-00-00', '2012-01-23 09:08:43'),
(73, 267, '2012-01-20', 0, 0, 0, '0000-00-00', '2012-01-23 09:09:35'),
(74, 256, '2012-01-20', 0, 0, 0, '0000-00-00', '2012-01-23 09:11:09'),
(75, 301, '2012-01-20', 0, 0, 0, '0000-00-00', '2012-01-23 09:14:56'),
(76, 313, '2012-01-20', 0, 0, 0, '0000-00-00', '2012-01-23 09:19:29'),
(77, 260, '2012-01-20', 0, 0, 0, '0000-00-00', '2012-01-23 09:22:18'),
(78, 202, '2012-01-20', 0, 0, 0, '0000-00-00', '2012-01-23 09:25:40'),
(79, 259, '2012-01-20', 0, 0, 0, '0000-00-00', '2012-01-23 09:27:00'),
(80, 350, '2012-01-20', 0, 0, 0, '0000-00-00', '2012-01-23 09:28:07'),
(81, 317, '2012-01-20', 0, 0, 0, '0000-00-00', '2012-01-23 09:28:48'),
(82, 323, '2012-01-20', 0, 0, 0, '0000-00-00', '2012-01-23 09:31:18'),
(83, 199, '2012-01-20', 0, 0, 0, '0000-00-00', '2012-01-23 09:32:40'),
(84, 309, '2012-01-20', 0, 0, 0, '0000-00-00', '2012-01-23 09:33:48'),
(85, 322, '2012-01-20', 0, 0, 0, '0000-00-00', '2012-01-23 09:35:36'),
(86, 271, '2012-01-20', 0, 0, 0, '0000-00-00', '2012-01-23 09:36:34'),
(87, 307, '2012-01-20', 0, 0, 0, '0000-00-00', '2012-01-23 09:38:41'),
(88, 291, '2012-01-20', 0, 0, 0, '0000-00-00', '2012-01-23 09:39:51'),
(89, 346, '2012-01-20', 0, 0, 0, '0000-00-00', '2012-01-23 09:41:59'),
(90, 155, '2012-01-20', 0, 0, 0, '0000-00-00', '2012-01-23 09:43:14'),
(91, 263, '2012-01-20', 0, 0, 0, '0000-00-00', '2012-01-23 09:45:03'),
(92, 296, '2012-01-20', 0, 0, 0, '0000-00-00', '2012-01-23 09:46:22'),
(93, 320, '2012-01-20', 0, 0, 0, '0000-00-00', '2012-01-23 09:47:46'),
(94, 295, '2012-01-20', 0, 0, 0, '0000-00-00', '2012-01-23 09:48:59'),
(95, 311, '2012-01-20', 0, 0, 0, '0000-00-00', '2012-01-23 09:50:30'),
(96, 166, '2012-01-20', 0, 0, 0, '0000-00-00', '2012-01-23 09:52:44'),
(97, 148, '2012-01-20', 0, 0, 0, '0000-00-00', '2012-01-23 09:53:31'),
(98, 261, '2012-01-20', 0, 0, 0, '0000-00-00', '2012-01-23 10:08:53'),
(99, 38, '2012-01-20', 0, 0, 0, '0000-00-00', '2012-01-23 11:36:07'),
(100, 160, '2012-01-20', 0, 0, 0, '0000-00-00', '2012-01-24 05:15:09'),
(101, 339, '2012-01-20', 0, 0, 0, '0000-00-00', '2012-01-24 06:28:14'),
(102, 333, '2012-01-20', 0, 0, 0, '0000-00-00', '2012-01-24 07:07:02'),
(103, 305, '2012-01-20', 0, 0, 0, '0000-00-00', '2012-01-24 07:10:44'),
(104, 83, '2012-01-20', 0, 0, 0, '0000-00-00', '2012-01-24 07:19:10'),
(105, 338, '2012-01-20', 0, 0, 0, '0000-00-00', '2012-01-24 07:26:06'),
(106, 314, '2012-01-20', 0, 0, 0, '0000-00-00', '2012-01-24 07:28:16'),
(107, 319, '2012-01-20', 0, 0, 0, '0000-00-00', '2012-01-24 12:05:13'),
(108, 56, '2012-01-20', 0, 0, 0, '0000-00-00', '2012-01-24 12:12:46'),
(109, 275, '2012-01-20', 0, 0, 0, '0000-00-00', '2012-01-25 04:22:33'),
(110, 287, '2012-01-20', 0, 0, 0, '0000-00-00', '2012-01-25 04:23:44'),
(111, 282, '2012-01-20', 0, 0, 0, '0000-00-00', '2012-01-25 04:25:30'),
(112, 149, '2012-01-20', 0, 0, 0, '0000-00-00', '2012-01-25 08:33:56'),
(113, 354, '2012-01-27', 0, 0, 0, '0000-00-00', '2012-01-29 04:19:48'),
(114, 346, '2012-01-27', 0, 0, 0, '0000-00-00', '2012-01-29 04:22:18'),
(115, 279, '2012-01-27', 0, 0, 0, '0000-00-00', '2012-01-29 04:23:50'),
(116, 397, '2012-01-27', 0, 0, 0, '0000-00-00', '2012-01-29 04:26:00'),
(117, 421, '2012-01-27', 0, 0, 0, '0000-00-00', '2012-01-29 04:27:32'),
(118, 130, '2012-01-27', 0, 0, 0, '0000-00-00', '2012-01-29 04:29:25'),
(119, 406, '2012-01-27', 0, 0, 0, '0000-00-00', '2012-01-29 04:32:11'),
(120, 38, '2012-01-27', 0, 0, 0, '0000-00-00', '2012-01-29 04:33:35'),
(121, 431, '2012-01-27', 0, 0, 0, '0000-00-00', '2012-01-29 04:34:56'),
(122, 494, '2012-01-27', 0, 0, 0, '0000-00-00', '2012-01-29 04:43:03'),
(123, 212, '2012-01-27', 0, 0, 0, '0000-00-00', '2012-01-29 05:09:43'),
(124, 215, '2012-01-27', 0, 0, 0, '0000-00-00', '2012-01-29 05:14:20'),
(125, 211, '2012-01-27', 0, 0, 0, '0000-00-00', '2012-01-29 05:16:11'),
(126, 354, '2012-01-20', 0, 0, 0, '0000-00-00', '2012-01-29 08:20:55'),
(127, 59, '2012-01-27', 0, 0, 0, '0000-00-00', '2012-01-30 03:52:18'),
(128, 56, '2012-01-27', 0, 0, 0, '0000-00-00', '2012-01-30 03:55:09'),
(129, 43, '2012-01-27', 0, 0, 0, '0000-00-00', '2012-01-30 03:56:48'),
(130, 148, '2012-01-27', 0, 0, 0, '0000-00-00', '2012-01-30 03:58:21'),
(131, 479, '2012-01-27', 0, 0, 0, '0000-00-00', '2012-01-30 04:01:34'),
(132, 83, '2012-01-27', 0, 0, 0, '0000-00-00', '2012-01-30 04:03:16'),
(133, 461, '2012-01-27', 0, 0, 0, '0000-00-00', '2012-01-30 04:06:40'),
(134, 388, '2012-01-27', 0, 0, 0, '0000-00-00', '2012-01-30 04:10:10'),
(135, 31, '2012-01-27', 0, 0, 0, '0000-00-00', '2012-01-30 04:12:11'),
(136, 457, '2012-01-27', 0, 0, 0, '0000-00-00', '2012-01-30 04:13:28'),
(137, 282, '2012-01-27', 0, 0, 0, '0000-00-00', '2012-01-30 04:14:47'),
(138, 199, '2012-01-27', 0, 0, 0, '0000-00-00', '2012-01-30 04:21:00'),
(139, 407, '2012-01-27', 0, 0, 0, '0000-00-00', '2012-01-30 04:23:05'),
(140, 408, '2012-01-27', 0, 0, 0, '0000-00-00', '2012-01-30 04:30:15'),
(141, 234, '2012-01-27', 0, 0, 0, '0000-00-00', '2012-01-30 04:32:12'),
(142, 112, '2012-01-27', 0, 0, 0, '0000-00-00', '2012-01-30 04:36:05'),
(143, 101, '2012-01-27', 0, 0, 0, '0000-00-00', '2012-01-30 04:40:51'),
(144, 49, '2012-01-27', 0, 0, 0, '0000-00-00', '2012-01-30 04:48:10'),
(145, 496, '2012-01-27', 0, 0, 0, '0000-00-00', '2012-01-30 04:50:05'),
(146, 521, '2012-01-27', 0, 0, 0, '0000-00-00', '2012-01-30 04:58:26'),
(147, 41, '2012-01-27', 0, 0, 0, '0000-00-00', '2012-01-30 05:02:12'),
(148, 218, '2012-01-27', 0, 0, 0, '0000-00-00', '2012-01-30 05:04:19'),
(149, 53, '2012-01-27', 0, 0, 0, '0000-00-00', '2012-01-30 05:17:32'),
(150, 462, '2012-01-27', 0, 0, 0, '0000-00-00', '2012-01-30 05:18:58'),
(151, 478, '2012-01-27', 0, 0, 0, '0000-00-00', '2012-01-30 05:20:36'),
(152, 522, '2012-01-27', 0, 0, 0, '0000-00-00', '2012-01-30 05:22:36'),
(153, 121, '2012-01-27', 0, 0, 0, '0000-00-00', '2012-01-30 05:24:13'),
(154, 50, '2012-01-27', 0, 0, 0, '0000-00-00', '2012-01-30 05:25:38'),
(155, 405, '2012-01-27', 0, 0, 0, '0000-00-00', '2012-01-30 05:36:31'),
(156, 93, '2012-01-27', 0, 0, 0, '0000-00-00', '2012-01-30 05:40:58'),
(157, 524, '2012-01-27', 0, 0, 0, '0000-00-00', '2012-01-30 05:42:34'),
(158, 360, '2012-01-27', 0, 0, 0, '0000-00-00', '2012-01-30 05:43:48'),
(159, 523, '2012-01-27', 0, 0, 0, '0000-00-00', '2012-01-30 05:44:49'),
(160, 517, '2012-01-27', 0, 0, 0, '0000-00-00', '2012-01-30 05:49:36'),
(161, 483, '2012-01-27', 0, 0, 0, '0000-00-00', '2012-01-30 05:51:52'),
(162, 444, '2012-01-27', 0, 0, 0, '0000-00-00', '2012-01-30 05:58:29'),
(163, 412, '2012-01-27', 0, 0, 0, '0000-00-00', '2012-01-30 06:05:23'),
(164, 321, '2012-01-27', 0, 0, 0, '0000-00-00', '2012-01-30 06:14:40'),
(165, 528, '2012-01-27', 0, 0, 0, '0000-00-00', '2012-01-30 06:17:02'),
(166, 488, '2012-01-27', 0, 0, 0, '0000-00-00', '2012-01-30 06:23:06'),
(167, 155, '2012-01-27', 0, 0, 0, '0000-00-00', '2012-01-30 06:24:57'),
(168, 499, '2012-01-27', 0, 0, 0, '0000-00-00', '2012-01-30 06:26:32'),
(169, 434, '2012-01-27', 0, 0, 0, '0000-00-00', '2012-01-30 06:39:59'),
(170, 64, '2012-01-27', 0, 0, 0, '0000-00-00', '2012-01-30 06:43:08'),
(171, 157, '2012-01-27', 0, 0, 0, '0000-00-00', '2012-01-30 06:46:22'),
(172, 334, '2012-01-27', 0, 0, 0, '0000-00-00', '2012-01-30 06:51:02'),
(173, 337, '2012-01-27', 0, 0, 0, '0000-00-00', '2012-01-30 06:52:58'),
(174, 266, '2012-01-27', 0, 0, 0, '0000-00-00', '2012-01-30 06:55:57'),
(175, 267, '2012-01-27', 0, 0, 0, '0000-00-00', '2012-01-30 06:57:00'),
(176, 515, '2012-01-27', 0, 0, 0, '0000-00-00', '2012-01-30 06:58:14'),
(177, 531, '2012-01-27', 0, 0, 0, '0000-00-00', '2012-01-30 07:00:40'),
(178, 67, '2012-01-27', 0, 0, 0, '0000-00-00', '2012-01-30 07:03:22'),
(179, 219, '2012-01-27', 0, 0, 0, '0000-00-00', '2012-01-30 07:08:02'),
(180, 353, '2012-01-20', 0, 0, 0, '0000-00-00', '2012-01-30 07:09:40'),
(181, 131, '2012-01-27', 0, 0, 0, '0000-00-00', '2012-01-30 07:10:58'),
(182, 472, '2012-01-27', 0, 0, 0, '0000-00-00', '2012-01-30 07:17:31'),
(183, 514, '2012-01-27', 0, 0, 0, '0000-00-00', '2012-01-30 07:21:16'),
(184, 136, '2012-01-27', 0, 0, 0, '0000-00-00', '2012-01-30 07:24:04'),
(185, 429, '2012-01-27', 0, 0, 0, '0000-00-00', '2012-01-30 07:26:49'),
(186, 512, '2012-01-27', 0, 0, 0, '0000-00-00', '2012-01-30 07:32:16'),
(187, 489, '2012-01-27', 0, 0, 0, '0000-00-00', '2012-01-30 07:34:17'),
(188, 392, '2012-01-27', 0, 0, 0, '0000-00-00', '2012-01-30 07:36:09'),
(189, 398, '2012-01-27', 0, 0, 0, '0000-00-00', '2012-01-30 07:39:43'),
(190, 261, '2012-01-27', 0, 0, 0, '0000-00-00', '2012-01-30 07:43:41'),
(191, 373, '2012-01-27', 0, 0, 0, '0000-00-00', '2012-01-30 07:47:58'),
(192, 317, '2012-01-27', 0, 0, 0, '0000-00-00', '2012-01-30 07:48:43'),
(193, 338, '2012-01-27', 0, 0, 0, '0000-00-00', '2012-01-30 07:51:48'),
(194, 104, '2012-01-27', 0, 0, 0, '0000-00-00', '2012-01-30 07:56:05'),
(195, 273, '2012-01-27', 0, 0, 0, '0000-00-00', '2012-01-30 08:03:32'),
(196, 226, '2012-01-27', 0, 0, 0, '0000-00-00', '2012-01-30 08:05:55'),
(197, 274, '2012-01-27', 0, 0, 0, '0000-00-00', '2012-01-30 08:07:08'),
(198, 327, '2012-01-27', 0, 0, 0, '0000-00-00', '2012-01-30 08:12:24'),
(199, 254, '2012-01-27', 0, 0, 0, '0000-00-00', '2012-01-30 08:13:20'),
(200, 387, '2012-01-27', 0, 0, 0, '0000-00-00', '2012-01-30 08:16:04'),
(201, 516, '2012-01-27', 0, 0, 0, '0000-00-00', '2012-01-30 08:17:37'),
(202, 52, '2012-01-27', 0, 0, 0, '0000-00-00', '2012-01-30 08:19:17'),
(203, 492, '2012-01-27', 0, 0, 0, '0000-00-00', '2012-01-30 08:30:22'),
(204, 487, '2012-01-27', 0, 0, 0, '0000-00-00', '2012-01-30 08:31:32'),
(205, 34, '2012-01-27', 0, 0, 0, '0000-00-00', '2012-01-30 08:33:52'),
(206, 490, '2012-01-27', 0, 0, 0, '0000-00-00', '2012-01-30 08:37:44'),
(207, 409, '2012-01-27', 0, 0, 0, '0000-00-00', '2012-01-30 08:41:40'),
(208, 529, '2012-01-27', 0, 0, 0, '0000-00-00', '2012-01-30 08:42:35'),
(209, 183, '2012-01-27', 0, 0, 0, '0000-00-00', '2012-01-30 08:46:12'),
(210, 265, '2012-01-27', 0, 0, 0, '0000-00-00', '2012-01-30 08:49:18'),
(211, 419, '2012-01-27', 0, 0, 0, '0000-00-00', '2012-01-30 08:52:56'),
(212, 401, '2012-01-27', 0, 0, 0, '0000-00-00', '2012-01-30 08:54:14'),
(213, 428, '2012-01-27', 0, 0, 0, '0000-00-00', '2012-01-30 08:55:35'),
(214, 491, '2012-01-27', 0, 0, 0, '0000-00-00', '2012-01-30 08:57:27'),
(215, 436, '2012-01-27', 0, 0, 0, '0000-00-00', '2012-01-30 09:04:57'),
(216, 80, '2012-01-27', 0, 0, 0, '0000-00-00', '2012-01-30 09:08:53'),
(217, 501, '2012-01-27', 0, 0, 0, '0000-00-00', '2012-01-30 10:03:02'),
(218, 171, '2012-01-27', 0, 0, 0, '0000-00-00', '2012-01-30 10:06:43'),
(219, 217, '2012-01-27', 0, 0, 0, '0000-00-00', '2012-01-30 10:08:46'),
(220, 313, '2012-01-27', 0, 0, 0, '0000-00-00', '2012-01-30 10:14:24'),
(221, 539, '2012-01-27', 0, 0, 0, '0000-00-00', '2012-01-30 10:25:53'),
(222, 175, '2012-01-27', 0, 0, 0, '0000-00-00', '2012-01-30 10:28:20'),
(223, 152, '2012-01-27', 0, 0, 0, '0000-00-00', '2012-01-30 10:29:53'),
(224, 525, '2012-01-27', 0, 0, 0, '0000-00-00', '2012-01-30 10:46:49'),
(225, 435, '2012-01-27', 0, 0, 0, '0000-00-00', '2012-01-30 10:49:42'),
(226, 438, '2012-01-27', 0, 0, 0, '0000-00-00', '2012-01-30 10:52:13'),
(227, 540, '2012-01-27', 0, 0, 0, '0000-00-00', '2012-01-30 10:52:53'),
(228, 508, '2012-01-27', 0, 0, 0, '0000-00-00', '2012-01-30 10:54:27'),
(229, 427, '2012-01-27', 0, 0, 0, '0000-00-00', '2012-01-30 10:56:18'),
(230, 154, '2012-01-27', 0, 0, 0, '0000-00-00', '2012-01-30 10:59:24'),
(231, 520, '2012-01-27', 0, 0, 0, '0000-00-00', '2012-01-30 11:04:20'),
(232, 132, '2012-01-27', 0, 0, 0, '0000-00-00', '2012-01-30 11:05:31'),
(233, 526, '2012-01-27', 0, 0, 0, '0000-00-00', '2012-01-30 11:07:49'),
(234, 481, '2012-01-27', 0, 0, 0, '0000-00-00', '2012-01-30 11:11:57'),
(235, 160, '2012-01-27', 0, 0, 0, '0000-00-00', '2012-01-30 11:13:23'),
(236, 475, '2012-01-27', 0, 0, 0, '0000-00-00', '2012-01-30 11:15:48'),
(237, 448, '2012-01-27', 0, 0, 0, '0000-00-00', '2012-01-30 11:18:39'),
(238, 378, '2012-01-27', 0, 0, 0, '0000-00-00', '2012-01-30 11:20:51'),
(239, 356, '2012-01-27', 0, 0, 0, '0000-00-00', '2012-01-30 11:23:39'),
(240, 541, '2012-01-27', 0, 0, 0, '0000-00-00', '2012-01-30 11:25:58'),
(241, 480, '2012-01-27', 0, 0, 0, '0000-00-00', '2012-01-30 11:28:05'),
(242, 497, '2012-01-27', 0, 0, 0, '0000-00-00', '2012-01-30 11:29:19'),
(243, 453, '2012-01-27', 0, 0, 0, '0000-00-00', '2012-01-30 11:30:30'),
(244, 532, '2012-01-27', 0, 0, 0, '0000-00-00', '2012-01-30 11:33:08'),
(245, 466, '2012-01-27', 0, 0, 0, '0000-00-00', '2012-01-30 11:41:19'),
(246, 451, '2012-01-27', 0, 0, 0, '0000-00-00', '2012-01-30 11:41:40'),
(247, 153, '2012-01-27', 0, 0, 0, '0000-00-00', '2012-01-30 11:43:08'),
(248, 277, '2012-01-27', 0, 0, 0, '0000-00-00', '2012-01-30 11:44:48'),
(249, 159, '2012-01-27', 0, 0, 0, '0000-00-00', '2012-01-30 11:45:32'),
(250, 503, '2012-01-27', 0, 0, 0, '0000-00-00', '2012-01-30 11:46:58'),
(251, 381, '2012-01-27', 0, 0, 0, '0000-00-00', '2012-01-30 11:52:40'),
(252, 361, '2012-01-27', 0, 0, 0, '0000-00-00', '2012-01-30 11:53:24'),
(253, 363, '2012-01-27', 0, 0, 0, '0000-00-00', '2012-01-30 11:58:10'),
(254, 493, '2012-01-27', 0, 0, 0, '0000-00-00', '2012-01-30 11:59:01'),
(255, 351, '2012-01-27', 0, 0, 0, '0000-00-00', '2012-01-30 12:01:52'),
(256, 502, '2012-01-27', 0, 0, 0, '0000-00-00', '2012-01-30 12:02:44'),
(257, 498, '2012-01-27', 0, 0, 0, '0000-00-00', '2012-01-30 12:06:23'),
(258, 395, '2012-01-27', 0, 0, 0, '0000-00-00', '2012-01-30 12:10:26'),
(259, 178, '2012-01-27', 0, 0, 0, '0000-00-00', '2012-01-30 12:11:29'),
(260, 404, '2012-01-27', 0, 0, 0, '0000-00-00', '2012-01-30 12:12:06'),
(261, 270, '2012-01-27', 0, 0, 0, '0000-00-00', '2012-01-30 12:14:31'),
(262, 399, '2012-01-27', 0, 0, 0, '0000-00-00', '2012-01-30 12:17:03'),
(263, 391, '2012-01-27', 0, 0, 0, '0000-00-00', '2012-01-30 12:17:48'),
(264, 542, '2012-01-27', 0, 0, 0, '0000-00-00', '2012-01-30 12:19:26'),
(265, 307, '2012-01-27', 0, 0, 0, '0000-00-00', '2012-01-30 12:21:49'),
(266, 340, '2012-01-27', 0, 0, 0, '0000-00-00', '2012-01-30 12:23:06'),
(267, 369, '2012-01-27', 0, 0, 0, '0000-00-00', '2012-01-30 12:23:43'),
(268, 326, '2012-01-27', 0, 0, 0, '0000-00-00', '2012-01-30 12:24:37'),
(269, 117, '2012-01-27', 0, 0, 0, '0000-00-00', '2012-01-30 12:26:43'),
(270, 114, '2012-01-27', 0, 0, 0, '0000-00-00', '2012-01-30 12:28:17'),
(271, 371, '2012-01-27', 0, 0, 0, '0000-00-00', '2012-01-30 12:28:54'),
(272, 452, '2012-01-27', 0, 0, 0, '0000-00-00', '2012-01-30 12:29:46'),
(273, 202, '2012-01-27', 0, 0, 0, '0000-00-00', '2012-01-30 12:30:15'),
(274, 341, '2012-01-27', 0, 0, 0, '0000-00-00', '2012-01-30 12:31:05'),
(275, 473, '2012-01-27', 0, 0, 0, '0000-00-00', '2012-01-30 12:32:40'),
(276, 350, '2012-01-27', 0, 0, 0, '0000-00-00', '2012-01-30 12:34:16'),
(277, 45, '2012-01-27', 0, 0, 0, '0000-00-00', '2012-01-30 12:34:58'),
(278, 416, '2012-01-27', 0, 0, 0, '0000-00-00', '2012-01-30 12:40:10'),
(279, 201, '2012-01-27', 0, 0, 0, '0000-00-00', '2012-01-30 12:42:26'),
(280, 411, '2012-01-27', 0, 0, 0, '0000-00-00', '2012-01-30 12:43:00'),
(281, 530, '2012-01-27', 0, 0, 0, '0000-00-00', '2012-01-30 12:44:56'),
(282, 543, '2012-01-27', 0, 0, 0, '0000-00-00', '2012-01-30 12:48:47'),
(283, 464, '2012-01-27', 0, 0, 0, '0000-00-00', '2012-01-30 12:50:08'),
(284, 293, '2012-01-27', 0, 0, 0, '0000-00-00', '2012-01-30 12:53:03'),
(285, 320, '2012-01-27', 0, 0, 0, '0000-00-00', '2012-01-30 12:54:45'),
(286, 519, '2012-01-27', 0, 0, 0, '0000-00-00', '2012-01-30 12:56:37'),
(287, 357, '2012-01-27', 0, 0, 0, '0000-00-00', '2012-01-30 12:58:55'),
(288, 368, '2012-01-27', 0, 0, 0, '0000-00-00', '2012-01-30 13:01:29'),
(289, 365, '2012-01-27', 0, 0, 0, '0000-00-00', '2012-01-30 13:19:07'),
(290, 544, '2012-01-27', 0, 0, 0, '0000-00-00', '2012-01-30 14:05:07'),
(291, 396, '2012-01-27', 0, 0, 0, '0000-00-00', '2012-01-30 14:07:02'),
(292, 383, '2012-01-27', 0, 0, 0, '0000-00-00', '2012-01-30 14:08:36'),
(293, 355, '2012-01-27', 0, 0, 0, '0000-00-00', '2012-01-31 04:01:58'),
(294, 29, '2012-01-27', 0, 0, 0, '0000-00-00', '2012-01-31 04:21:10'),
(295, 382, '2012-01-27', 0, 0, 0, '0000-00-00', '2012-01-31 04:21:53'),
(296, 386, '2012-01-27', 0, 0, 0, '0000-00-00', '2012-01-31 04:24:22'),
(297, 446, '2012-01-27', 0, 0, 0, '0000-00-00', '2012-01-31 04:27:25'),
(298, 505, '2012-01-27', 0, 0, 0, '0000-00-00', '2012-01-31 04:29:53'),
(299, 486, '2012-01-27', 0, 0, 0, '0000-00-00', '2012-01-31 04:31:36'),
(300, 485, '2012-01-27', 0, 0, 0, '0000-00-00', '2012-01-31 04:33:37'),
(301, 430, '2012-01-27', 0, 0, 0, '0000-00-00', '2012-01-31 04:44:45'),
(302, 445, '2012-01-27', 0, 0, 0, '0000-00-00', '2012-01-31 04:48:14'),
(303, 426, '2012-01-27', 0, 0, 0, '0000-00-00', '2012-01-31 04:56:12'),
(304, 471, '2012-01-27', 0, 0, 0, '0000-00-00', '2012-01-31 04:58:12'),
(305, 125, '2012-01-27', 0, 0, 0, '0000-00-00', '2012-01-31 04:59:07'),
(306, 470, '2012-01-27', 0, 0, 0, '0000-00-00', '2012-01-31 05:00:19'),
(307, 197, '2012-01-27', 0, 0, 0, '0000-00-00', '2012-01-31 05:04:19'),
(308, 449, '2012-01-27', 0, 0, 0, '0000-00-00', '2012-01-31 05:07:41'),
(309, 423, '2012-01-27', 0, 0, 0, '0000-00-00', '2012-01-31 05:32:28'),
(310, 460, '2012-01-27', 0, 0, 0, '0000-00-00', '2012-01-31 06:46:12'),
(311, 465, '2012-01-27', 0, 0, 0, '0000-00-00', '2012-01-31 06:51:08'),
(312, 477, '2012-01-27', 0, 0, 0, '0000-00-00', '2012-01-31 07:02:12'),
(313, 193, '2012-01-27', 0, 0, 0, '0000-00-00', '2012-01-31 07:08:30'),
(314, 352, '2012-01-27', 0, 0, 0, '0000-00-00', '2012-01-31 07:14:30'),
(315, 433, '2012-01-27', 0, 0, 0, '0000-00-00', '2012-01-31 07:15:30'),
(316, 55, '2012-01-27', 0, 0, 0, '0000-00-00', '2012-01-31 07:19:49'),
(317, 335, '2012-01-27', 0, 0, 0, '0000-00-00', '2012-01-31 07:21:50'),
(318, 468, '2012-01-27', 0, 0, 0, '0000-00-00', '2012-01-31 07:24:56'),
(319, 48, '2012-01-27', 0, 0, 0, '0000-00-00', '2012-01-31 07:32:44'),
(320, 403, '2012-01-27', 0, 0, 0, '0000-00-00', '2012-01-31 07:39:23'),
(321, 535, '2012-01-27', 0, 0, 0, '0000-00-00', '2012-01-31 07:40:45'),
(322, 536, '2012-01-27', 0, 0, 0, '0000-00-00', '2012-01-31 07:44:27'),
(323, 518, '2012-01-27', 0, 0, 0, '0000-00-00', '2012-01-31 07:47:09'),
(324, 418, '2012-01-27', 0, 0, 0, '0000-00-00', '2012-01-31 07:49:19'),
(325, 310, '2012-01-27', 0, 0, 0, '0000-00-00', '2012-01-31 07:56:53'),
(326, 362, '2012-01-27', 0, 0, 0, '0000-00-00', '2012-01-31 08:00:50'),
(327, 511, '2012-01-27', 0, 0, 0, '0000-00-00', '2012-01-31 08:02:37'),
(328, 376, '2012-01-27', 0, 0, 0, '0000-00-00', '2012-01-31 08:03:36'),
(329, 358, '2012-01-27', 0, 0, 0, '0000-00-00', '2012-01-31 08:04:55'),
(330, 424, '2012-01-27', 0, 0, 0, '0000-00-00', '2012-01-31 08:05:43'),
(331, 379, '2012-01-27', 0, 0, 0, '0000-00-00', '2012-01-31 08:06:45'),
(332, 484, '2012-01-27', 0, 0, 0, '0000-00-00', '2012-01-31 08:08:22'),
(333, 469, '2012-01-27', 0, 0, 0, '0000-00-00', '2012-01-31 08:09:25'),
(334, 278, '2012-01-27', 0, 0, 0, '0000-00-00', '2012-01-31 08:10:16'),
(335, 455, '2012-01-27', 0, 0, 0, '0000-00-00', '2012-01-31 08:13:32'),
(336, 364, '2012-01-27', 0, 0, 0, '0000-00-00', '2012-01-31 08:16:31'),
(337, 413, '2012-01-27', 0, 0, 0, '0000-00-00', '2012-01-31 08:18:15'),
(338, 534, '2012-01-27', 0, 0, 0, '0000-00-00', '2012-01-31 08:28:21'),
(339, 425, '2012-01-27', 0, 0, 0, '0000-00-00', '2012-01-31 08:35:51'),
(340, 545, '2012-01-27', 0, 0, 0, '0000-00-00', '2012-01-31 09:42:53'),
(341, 500, '2012-01-27', 0, 0, 0, '0000-00-00', '2012-01-31 09:45:27'),
(342, 527, '2012-01-27', 0, 0, 0, '0000-00-00', '2012-01-31 09:46:54'),
(343, 389, '2012-01-27', 0, 0, 0, '0000-00-00', '2012-01-31 09:50:44'),
(344, 359, '2012-01-27', 0, 0, 0, '0000-00-00', '2012-01-31 09:51:53'),
(345, 420, '2012-01-27', 0, 0, 0, '0000-00-00', '2012-01-31 09:54:42'),
(346, 333, '2012-01-27', 0, 0, 0, '0000-00-00', '2012-01-31 09:55:20'),
(347, 129, '2012-01-27', 0, 0, 0, '0000-00-00', '2012-01-31 10:00:23'),
(348, 414, '2012-01-27', 0, 0, 0, '0000-00-00', '2012-01-31 10:02:37'),
(349, 467, '2012-01-27', 0, 0, 0, '0000-00-00', '2012-01-31 10:16:02'),
(350, 437, '2012-01-27', 0, 0, 0, '0000-00-00', '2012-01-31 10:29:35'),
(351, 443, '2012-01-27', 0, 0, 0, '0000-00-00', '2012-01-31 10:53:18'),
(352, 442, '2012-01-27', 0, 0, 0, '0000-00-00', '2012-01-31 10:53:54'),
(353, 441, '2012-01-27', 0, 0, 0, '0000-00-00', '2012-01-31 10:54:53'),
(354, 439, '2012-01-27', 0, 0, 0, '0000-00-00', '2012-01-31 11:09:33'),
(355, 546, '2012-01-27', 0, 0, 0, '0000-00-00', '2012-01-31 11:16:01'),
(356, 146, '2012-01-27', 0, 0, 0, '0000-00-00', '2012-01-31 12:11:09'),
(357, 149, '2012-01-27', 0, 0, 0, '0000-00-00', '2012-01-31 12:31:11'),
(358, 410, '2012-01-27', 0, 0, 0, '0000-00-00', '2012-01-31 12:53:00'),
(359, 214, '2012-01-27', 0, 0, 0, '0000-00-00', '2012-01-31 12:54:13'),
(360, 447, '2012-01-27', 0, 0, 0, '0000-00-00', '2012-02-01 04:55:51'),
(361, 422, '2012-01-27', 0, 0, 0, '0000-00-00', '2012-02-01 05:01:49'),
(362, 463, '2012-01-27', 0, 0, 0, '0000-00-00', '2012-02-01 05:52:14'),
(363, 329, '2012-01-27', 0, 0, 0, '0000-00-00', '2012-02-01 05:59:23'),
(364, 513, '2012-01-27', 0, 0, 0, '0000-00-00', '2012-02-01 07:10:16'),
(365, 548, '2012-01-27', 0, 0, 0, '0000-00-00', '2012-02-01 07:27:29'),
(366, 549, '2012-01-27', 0, 0, 0, '0000-00-00', '2012-02-01 11:13:59'),
(367, 402, '2012-01-27', 0, 0, 0, '0000-00-00', '2012-02-01 11:18:02'),
(368, 61, '2012-01-20', 0, 0, 0, '0000-00-00', '2012-02-02 05:32:30'),
(369, 61, '2012-01-27', 0, 0, 0, '0000-00-00', '2012-02-02 05:34:05'),
(370, 370, '2012-01-27', 0, 0, 0, '0000-00-00', '2012-02-02 05:39:33'),
(371, 63, '2012-01-27', 0, 0, 0, '0000-00-00', '2012-02-02 07:31:27'),
(372, 375, '2012-01-27', 0, 0, 0, '0000-00-00', '2012-02-02 08:57:44'),
(373, 324, '2012-01-27', 0, 0, 0, '0000-00-00', '2012-02-02 09:00:37'),
(374, 163, '2012-01-27', 0, 0, 0, '0000-00-00', '2012-02-02 09:01:47'),
(375, 432, '2012-01-27', 0, 0, 0, '0000-00-00', '2012-02-02 09:04:58');

-- --------------------------------------------------------

--
-- Table structure for table `farmer_credit_payments`
--

CREATE TABLE IF NOT EXISTS `farmer_credit_payments` (
  `id` bigint(20) NOT NULL AUTO_INCREMENT,
  `farmer_id` bigint(20) NOT NULL,
  `bill_id` bigint(20) NOT NULL,
  `credit` bigint(20) NOT NULL,
  `date` date NOT NULL,
  PRIMARY KEY (`id`)
) ENGINE=InnoDB  DEFAULT CHARSET=latin1 AUTO_INCREMENT=387 ;

--
-- Dumping data for table `farmer_credit_payments`
--

REPLACE INTO `farmer_credit_payments` (`id`, `farmer_id`, `bill_id`, `credit`, `date`) VALUES
(2, 280, 9, 10, '2012-01-23'),
(3, 284, 10, 15000, '2012-01-23'),
(4, 281, 13, 82, '2012-01-23'),
(5, 330, 16, 72, '2012-01-23'),
(6, 54, 2, 646, '2012-01-23'),
(7, 342, 17, 6, '2012-01-23'),
(9, 277, 19, 20000, '2012-01-23'),
(10, 143, 18, 293, '2012-01-23'),
(11, 337, 8, 4973, '2012-01-23'),
(12, 44, 20, 12509, '2012-01-23'),
(13, 288, 21, 81, '2012-01-23'),
(14, 204, 22, 28, '2012-01-23'),
(16, 270, 23, 2069, '2012-01-23'),
(17, 269, 24, 268, '2012-01-23'),
(18, 268, 25, 8516, '2012-01-23'),
(19, 138, 26, 4057, '2012-01-23'),
(20, 347, 27, 40, '2012-01-23'),
(21, 226, 28, 34, '2012-01-23'),
(22, 352, 29, 4271, '2012-01-23'),
(23, 104, 30, 192, '2012-01-23'),
(24, 276, 31, 15, '2012-01-23'),
(25, 312, 32, 34, '2012-01-23'),
(26, 279, 33, 48, '2012-01-23'),
(27, 341, 34, 1054, '2012-01-23'),
(28, 325, 35, 283, '2012-01-23'),
(29, 262, 36, 10124, '2012-01-23'),
(30, 348, 37, 62, '2012-01-23'),
(31, 335, 38, 4, '2012-01-23'),
(32, 58, 7, 841, '2012-01-23'),
(33, 344, 39, 13, '2012-01-23'),
(34, 273, 40, 93, '2012-01-23'),
(35, 41, 41, 1985, '2012-01-23'),
(36, 302, 42, 84, '2012-01-23'),
(37, 326, 43, 27, '2012-01-23'),
(39, 298, 45, 1327, '2012-01-23'),
(40, 328, 46, 107, '2012-01-23'),
(41, 157, 44, 40, '2012-01-23'),
(42, 157, 44, 220, '2012-01-23'),
(43, 136, 47, 20, '2012-01-23'),
(44, 293, 48, 10149, '2012-01-23'),
(45, 289, 49, 357, '2012-01-23'),
(46, 290, 50, 1445, '2012-01-23'),
(47, 340, 51, 43, '2012-01-23'),
(48, 334, 52, 62, '2012-01-23'),
(49, 299, 53, 13, '2012-01-23'),
(50, 300, 54, 48, '2012-01-23'),
(51, 51, 55, 21, '2012-01-23'),
(52, 308, 56, 62, '2012-01-23'),
(53, 297, 57, 6, '2012-01-23'),
(54, 264, 58, 21, '2012-01-23'),
(56, 345, 60, 8, '2012-01-23'),
(57, 135, 61, 828, '2012-01-23'),
(58, 294, 62, 67, '2012-01-23'),
(59, 254, 63, 135, '2012-01-23'),
(60, 286, 64, 85, '2012-01-23'),
(61, 324, 65, 285, '2012-01-23'),
(62, 321, 66, 43, '2012-01-23'),
(63, 310, 67, 11, '2012-01-23'),
(64, 329, 68, 74, '2012-01-23'),
(65, 265, 69, 925, '2012-01-23'),
(66, 349, 70, 70, '2012-01-23'),
(67, 316, 71, 35, '2012-01-23'),
(68, 351, 72, 107, '2012-01-23'),
(70, 267, 73, 7657, '2012-01-23'),
(72, 256, 74, 8402, '2012-01-23'),
(73, 301, 75, 3400, '2012-01-23'),
(74, 313, 76, 98, '2012-01-23'),
(76, 260, 77, 5785, '2012-01-23'),
(77, 202, 78, 118, '2012-01-23'),
(78, 259, 79, 23, '2012-01-23'),
(79, 350, 80, 11, '2012-01-23'),
(80, 317, 81, 29, '2012-01-23'),
(81, 323, 82, 145, '2012-01-23'),
(82, 199, 83, 96, '2012-01-23'),
(83, 309, 84, 41, '2012-01-23'),
(84, 322, 85, 196, '2012-01-23'),
(85, 271, 86, 9, '2012-01-23'),
(86, 307, 87, 97, '2012-01-23'),
(87, 291, 88, 83, '2012-01-23'),
(88, 346, 89, 52, '2012-01-23'),
(89, 155, 90, 706, '2012-01-23'),
(90, 263, 91, 27, '2012-01-23'),
(91, 296, 92, 122, '2012-01-23'),
(92, 320, 93, 201, '2012-01-23'),
(93, 295, 94, 21, '2012-01-23'),
(94, 311, 95, 83, '2012-01-23'),
(95, 166, 96, 93, '2012-01-23'),
(96, 148, 97, 7737, '2012-01-23'),
(97, 263, 91, 500, '2012-01-23'),
(98, 261, 98, 24, '2012-01-23'),
(99, 38, 99, 12000, '2012-01-23'),
(100, 333, 102, 35, '2012-01-24'),
(101, 305, 103, 7, '2012-01-24'),
(102, 338, 105, 76, '2012-01-24'),
(104, 339, 101, 7592, '2012-01-24'),
(105, 149, 112, 21, '2012-01-25'),
(106, 121, 153, 376, '2012-01-30'),
(107, 408, 140, 322, '2012-01-30'),
(108, 405, 155, 233, '2012-01-30'),
(109, 234, 141, 4349, '2012-01-30'),
(111, 524, 157, 180, '2012-01-30'),
(112, 523, 159, 266, '2012-01-30'),
(113, 444, 162, 227, '2012-01-30'),
(114, 412, 163, 5, '2012-01-30'),
(115, 321, 164, 500, '2012-01-30'),
(116, 528, 165, 14004, '2012-01-30'),
(117, 155, 167, 12200, '2012-01-30'),
(118, 499, 168, 3348, '2012-01-30'),
(119, 434, 169, 38, '2012-01-30'),
(120, 64, 170, 50, '2012-01-30'),
(121, 157, 171, 7000, '2012-01-30'),
(122, 334, 172, 16000, '2012-01-30'),
(123, 337, 173, 5000, '2012-01-30'),
(124, 267, 175, 99, '2012-01-30'),
(125, 515, 176, 4354, '2012-01-30'),
(126, 531, 177, 83, '2012-01-30'),
(127, 211, 125, 4032, '2012-01-30'),
(128, 67, 178, 10000, '2012-01-30'),
(129, 218, 148, 471, '2012-01-30'),
(130, 219, 179, 366, '2012-01-30'),
(131, 353, 180, 6, '2012-01-30'),
(132, 131, 181, 342, '2012-01-30'),
(133, 472, 182, 929, '2012-01-30'),
(134, 136, 184, 11218, '2012-01-30'),
(135, 429, 185, 99, '2012-01-30'),
(136, 512, 186, 12, '2012-01-30'),
(137, 489, 187, 99, '2012-01-30'),
(138, 392, 188, 2255, '2012-01-30'),
(140, 398, 189, 2085, '2012-01-30'),
(141, 261, 190, 2, '2012-01-30'),
(142, 317, 192, 40, '2012-01-30'),
(143, 373, 191, 92, '2012-01-30'),
(144, 338, 193, 50, '2012-01-30'),
(146, 104, 194, 8097, '2012-01-30'),
(148, 274, 197, 5411, '2012-01-30'),
(150, 327, 198, 83, '2012-01-30'),
(151, 254, 199, 153, '2012-01-30'),
(152, 387, 200, 630, '2012-01-30'),
(153, 516, 201, 51, '2012-01-30'),
(154, 52, 202, 10345, '2012-01-30'),
(155, 494, 122, 13752, '2012-01-30'),
(156, 492, 203, 28, '2012-01-30'),
(157, 487, 204, 4784, '2012-01-30'),
(158, 34, 205, 155, '2012-01-30'),
(160, 490, 206, 46, '2012-01-30'),
(161, 406, 119, 495, '2012-01-30'),
(162, 409, 207, 17, '2012-01-30'),
(163, 529, 208, 34, '2012-01-30'),
(164, 183, 209, 199, '2012-01-30'),
(166, 419, 211, 10000, '2012-01-30'),
(167, 401, 212, 102, '2012-01-30'),
(168, 428, 213, 11, '2012-01-30'),
(169, 491, 214, 6528, '2012-01-30'),
(170, 436, 215, 73, '2012-01-30'),
(171, 265, 210, 14251, '2012-01-30'),
(172, 80, 216, 5052, '2012-01-30'),
(174, 171, 218, 323, '2012-01-30'),
(175, 217, 219, 5240, '2012-01-30'),
(176, 313, 220, 70, '2012-01-30'),
(178, 539, 221, 5317, '2012-01-30'),
(179, 175, 222, 82, '2012-01-30'),
(180, 152, 223, 585, '2012-01-30'),
(181, 273, 195, 64, '2012-01-30'),
(182, 215, 124, 21, '2012-01-30'),
(183, 525, 224, 10830, '2012-01-30'),
(184, 435, 225, 62, '2012-01-30'),
(185, 438, 226, 44, '2012-01-30'),
(186, 540, 227, 78, '2012-01-30'),
(187, 508, 228, 2195, '2012-01-30'),
(188, 427, 229, 62, '2012-01-30'),
(189, 154, 230, 24, '2012-01-30'),
(190, 130, 118, 2732, '2012-01-30'),
(191, 520, 231, 170, '2012-01-30'),
(192, 132, 232, 261, '2012-01-30'),
(193, 526, 233, 3127, '2012-01-30'),
(194, 501, 217, 38, '2012-01-30'),
(195, 346, 114, 31, '2012-01-30'),
(197, 481, 234, 9184, '2012-01-30'),
(198, 160, 235, 891, '2012-01-30'),
(199, 475, 236, 8786, '2012-01-30'),
(200, 448, 237, 48, '2012-01-30'),
(201, 378, 238, 39, '2012-01-30'),
(202, 199, 138, 54, '2012-01-30'),
(203, 356, 239, 43, '2012-01-30'),
(205, 480, 241, 7000, '2012-01-30'),
(206, 453, 243, 9, '2012-01-30'),
(207, 287, 110, 54, '2012-01-30'),
(208, 532, 244, 20, '2012-01-30'),
(209, 496, 145, 28, '2012-01-30'),
(210, 451, 246, 343, '2012-01-30'),
(211, 153, 247, 20003, '2012-01-30'),
(212, 159, 249, 4425, '2012-01-30'),
(213, 503, 250, 961, '2012-01-30'),
(215, 277, 248, 4145, '2012-01-30'),
(216, 381, 251, 26349, '2012-01-30'),
(217, 361, 252, 261, '2012-01-30'),
(218, 541, 240, 259, '2012-01-30'),
(219, 363, 253, 310, '2012-01-30'),
(220, 493, 254, 100, '2012-01-30'),
(221, 351, 255, 58, '2012-01-30'),
(222, 502, 256, 36, '2012-01-30'),
(224, 49, 144, 10002, '2012-01-30'),
(225, 498, 257, 15000, '2012-01-30'),
(226, 497, 242, 10009, '2012-01-30'),
(227, 395, 258, 2562, '2012-01-30'),
(228, 178, 259, 229, '2012-01-30'),
(229, 404, 260, 3453, '2012-01-30'),
(230, 270, 261, 5451, '2012-01-30'),
(231, 391, 263, 3101, '2012-01-30'),
(232, 542, 264, 787, '2012-01-30'),
(233, 462, 150, 97, '2012-01-30'),
(234, 307, 265, 233, '2012-01-30'),
(235, 340, 266, 833, '2012-01-30'),
(236, 369, 267, 12, '2012-01-30'),
(237, 326, 268, 19, '2012-01-30'),
(238, 117, 269, 36, '2012-01-30'),
(239, 114, 270, 87, '2012-01-30'),
(240, 371, 271, 53, '2012-01-30'),
(241, 452, 272, 15, '2012-01-30'),
(242, 202, 273, 72, '2012-01-30'),
(243, 341, 274, 3028, '2012-01-30'),
(244, 473, 275, 499, '2012-01-30'),
(245, 350, 276, 72, '2012-01-30'),
(246, 45, 277, 40978, '2012-01-30'),
(247, 416, 278, 5607, '2012-01-30'),
(248, 517, 160, 31, '2012-01-30'),
(249, 201, 279, 44, '2012-01-30'),
(250, 411, 280, 18, '2012-01-30'),
(251, 461, 133, 23301, '2012-01-30'),
(252, 543, 282, 2, '2012-01-30'),
(253, 464, 283, 71, '2012-01-30'),
(254, 293, 284, 802, '2012-01-30'),
(255, 43, 129, 15731, '2012-01-30'),
(256, 31, 135, 12551, '2012-01-30'),
(257, 519, 286, 33, '2012-01-30'),
(258, 466, 245, 51, '2012-01-30'),
(259, 357, 287, 20, '2012-01-30'),
(260, 483, 161, 44, '2012-01-30'),
(261, 530, 281, 10, '2012-01-30'),
(264, 544, 290, 41, '2012-01-30'),
(265, 396, 291, 323, '2012-01-30'),
(266, 383, 292, 270, '2012-01-30'),
(268, 445, 302, 124, '2012-01-31'),
(269, 486, 299, 89, '2012-01-31'),
(270, 426, 303, 52, '2012-01-31'),
(271, 471, 304, 54, '2012-01-31'),
(272, 125, 305, 99, '2012-01-31'),
(273, 470, 306, 73, '2012-01-31'),
(274, 449, 308, 92, '2012-01-31'),
(275, 423, 309, 1960, '2012-01-31'),
(276, 460, 310, 27, '2012-01-31'),
(277, 197, 307, 946, '2012-01-31'),
(279, 485, 300, 38, '2012-01-31'),
(280, 430, 301, 94, '2012-01-31'),
(281, 477, 312, 38, '2012-01-31'),
(282, 193, 313, 22, '2012-01-31'),
(283, 352, 314, 84, '2012-01-31'),
(284, 433, 315, 81, '2012-01-31'),
(285, 282, 137, 44, '2012-01-31'),
(286, 55, 316, 79, '2012-01-31'),
(287, 335, 317, 16, '2012-01-31'),
(288, 468, 318, 56, '2012-01-31'),
(289, 522, 152, 130, '2012-01-31'),
(290, 48, 319, 77, '2012-01-31'),
(291, 403, 320, 5253, '2012-01-31'),
(292, 535, 321, 77, '2012-01-31'),
(293, 101, 143, 12251, '2012-01-31'),
(294, 536, 322, 40, '2012-01-31'),
(295, 505, 298, 55, '2012-01-31'),
(296, 518, 323, 60, '2012-01-31'),
(297, 418, 324, 5365, '2012-01-31'),
(298, 310, 325, 47, '2012-01-31'),
(299, 362, 326, 5376, '2012-01-31'),
(300, 511, 327, 89, '2012-01-31'),
(301, 376, 328, 3, '2012-01-31'),
(302, 358, 329, 83, '2012-01-31'),
(303, 424, 330, 2343, '2012-01-31'),
(304, 379, 331, 90, '2012-01-31'),
(305, 484, 332, 99, '2012-01-31'),
(306, 469, 333, 46, '2012-01-31'),
(307, 278, 334, 48, '2012-01-31'),
(308, 407, 139, 50, '2012-01-31'),
(310, 455, 335, 82, '2012-01-31'),
(311, 364, 336, 6807, '2012-01-31'),
(312, 413, 337, 78, '2012-01-31'),
(313, 534, 338, 74, '2012-01-31'),
(314, 465, 311, 21, '2012-01-31'),
(315, 425, 339, 100, '2012-01-31'),
(318, 545, 340, 7, '2012-01-31'),
(320, 527, 342, 226, '2012-01-31'),
(321, 500, 341, 7296, '2012-01-31'),
(322, 389, 343, 86, '2012-01-31'),
(323, 359, 344, 15, '2012-01-31'),
(324, 420, 345, 100, '2012-01-31'),
(325, 333, 346, 61, '2012-01-31'),
(326, 129, 347, 35, '2012-01-31'),
(327, 414, 348, 73, '2012-01-31'),
(328, 41, 147, 1728, '2012-01-31'),
(329, 467, 349, 18, '2012-01-31'),
(330, 437, 350, 11, '2012-01-31'),
(332, 443, 351, 70, '2012-01-31'),
(333, 442, 352, 1, '2012-01-31'),
(334, 441, 353, 8, '2012-01-31'),
(335, 282, 111, 83, '2012-01-31'),
(337, 439, 354, 29, '2012-01-31'),
(338, 546, 355, 80, '2012-01-31'),
(339, 355, 293, 10027, '2012-01-31'),
(340, 149, 357, 62, '2012-01-31'),
(341, 410, 358, 5931, '2012-01-31'),
(342, 214, 359, 2485, '2012-01-31'),
(346, 431, 121, 88, '2012-02-01'),
(347, 112, 142, 88, '2012-02-01'),
(348, 446, 297, 34, '2012-02-01'),
(349, 447, 360, 68, '2012-02-01'),
(350, 422, 361, 38, '2012-02-01'),
(351, 320, 285, 27, '2012-02-01'),
(352, 457, 136, 18, '2012-02-01'),
(353, 463, 362, 5914, '2012-02-01'),
(355, 329, 363, 10025, '2012-02-01'),
(356, 382, 295, 338, '2012-02-01'),
(357, 397, 116, 35, '2012-02-01'),
(358, 29, 294, 15389, '2012-02-01'),
(360, 513, 364, 8011, '2012-02-01'),
(361, 275, 109, 3190, '2012-02-01'),
(362, 548, 365, 10, '2012-02-01'),
(363, 53, 149, 10097, '2012-02-01'),
(364, 146, 356, 91, '2012-02-01'),
(365, 368, 288, 713, '2012-02-01'),
(366, 279, 115, 13943, '2012-02-01'),
(367, 386, 296, 69, '2012-02-01'),
(368, 226, 196, 153, '2012-02-01'),
(369, 549, 366, 30, '2012-02-01'),
(370, 212, 123, 2, '2012-02-01'),
(371, 365, 289, 65, '2012-02-01'),
(372, 402, 367, 53, '2012-02-01'),
(373, 59, 127, 309, '2012-02-01'),
(374, 38, 120, 20029, '2012-02-01'),
(375, 421, 117, 2444, '2012-02-02'),
(376, 56, 128, 5354, '2012-02-02'),
(377, 56, 108, 10702, '2012-02-02'),
(378, 61, 368, 11451, '2012-02-02'),
(380, 61, 369, 13990, '2012-02-02'),
(381, 370, 370, 23, '2012-02-02'),
(383, 375, 372, 2, '2012-02-02'),
(384, 324, 373, 46, '2012-02-02'),
(385, 163, 374, 9090, '2012-02-02'),
(386, 432, 375, 10767, '2012-02-02');

-- --------------------------------------------------------

--
-- Table structure for table `farmer_deductions`
--

CREATE TABLE IF NOT EXISTS `farmer_deductions` (
  `cash` varchar(10) NOT NULL,
  `commission` varchar(10) NOT NULL,
  `amali` varchar(10) NOT NULL,
  `extra` varchar(10) NOT NULL
) ENGINE=InnoDB DEFAULT CHARSET=latin1;

--
-- Dumping data for table `farmer_deductions`
--

REPLACE INTO `farmer_deductions` (`cash`, `commission`, `amali`, `extra`) VALUES
('6.25', '2', '3', '');

-- --------------------------------------------------------

--
-- Table structure for table `farmer_expenses`
--

CREATE TABLE IF NOT EXISTS `farmer_expenses` (
  `id` bigint(20) NOT NULL AUTO_INCREMENT,
  `bill_id` bigint(20) NOT NULL,
  `description` text NOT NULL,
  `money` int(11) NOT NULL,
  PRIMARY KEY (`id`)
) ENGINE=InnoDB  DEFAULT CHARSET=latin1 AUTO_INCREMENT=336 ;

--
-- Dumping data for table `farmer_expenses`
--

REPLACE INTO `farmer_expenses` (`id`, `bill_id`, `description`, `money`) VALUES
(1, 9, 'fright', 90),
(2, 10, 'fright', 120),
(3, 11, 'fright', 75),
(4, 12, 'fright', 30),
(5, 13, 'fright', 30),
(6, 14, 'fright', 45),
(7, 14, 'cash', 5000),
(8, 15, 'fright', 75),
(9, 15, '20.1.12', 4000),
(10, 19, 'freight', 150),
(11, 18, 'hand cash 18/1/12', 500),
(12, 20, 'freight', 91),
(13, 21, 'freight', 75),
(14, 25, 'freight', 65),
(15, 26, 'freight', 40),
(16, 28, 'freight', 75),
(17, 30, 'freight', 60),
(18, 31, 'freight', 120),
(19, 32, 'hand cash 20/1/12', 500),
(20, 33, 'hand cash 20/1/12', 500),
(21, 35, 'freight', 75),
(22, 36, 'freight', 80),
(23, 37, 'freight', 13),
(24, 7, 'freight', 150),
(25, 39, 'freight', 30),
(26, 40, 'freight', 45),
(27, 41, 'freight', 75),
(28, 42, 'freight', 60),
(29, 43, 'freight', 60),
(31, 45, 'freight', 130),
(32, 45, 'hand cash 20/1/12', 10000),
(33, 46, 'freight', 30),
(34, 44, 'freight', 52),
(35, 47, 'freight', 40),
(36, 48, 'freight', 120),
(37, 48, 'hand cash 20/1/12', 3000),
(38, 49, 'freight', 40),
(39, 49, 'hand cxash 20/1/12', 4000),
(40, 50, 'freight', 40),
(41, 52, 'freight', 40),
(42, 55, 'hand cash 20/1/12', 4000),
(43, 55, 'freight', 60),
(44, 56, 'freight', 26),
(45, 57, 'hand cash 20/1/12', 2000),
(46, 58, 'freight', 65),
(47, 59, 'freight', 40),
(48, 60, 'freight', 13),
(49, 61, 'freight', 180),
(50, 61, 'hand cash 20/1/12', 10000),
(51, 62, 'freight', 45),
(52, 63, 'hand cash 20/1/12', 6000),
(53, 63, 'freight', 120),
(54, 64, 'freight', 220),
(55, 64, 'hand cash 20/1/12', 10000),
(56, 65, 'freight', 60),
(57, 66, 'freight', 13),
(58, 69, 'freight', 65),
(59, 74, 'freight', 140),
(60, 74, 'hand cash 20/1/12', 5000),
(61, 75, 'freight', 42),
(62, 76, 'freight', 200),
(63, 76, 'hand cash 20/1/12', 10000),
(64, 77, 'hand cash 20/1/12', 6000),
(65, 78, 'freight', 60),
(66, 78, 'hand cash 20/1/12', 4000),
(67, 79, 'freight', 140),
(68, 80, 'hand cash 20/1/12', 500),
(69, 81, 'hand cash 20/1/12', 1500),
(70, 81, 'freight', 60),
(71, 82, 'freight', 90),
(72, 82, 'hand cash 20/1/12', 3000),
(73, 84, 'freight', 96),
(74, 84, 'hand cash 20/1/12', 5000),
(75, 85, 'freight', 15),
(76, 86, 'freight', 45),
(77, 87, 'freight', 64),
(78, 88, 'freight', 52),
(79, 90, 'freight', 65),
(80, 90, 'hand cash 20/1/12', 1500),
(81, 91, 'freight', 65),
(82, 91, 'hand cash 20/1/12', 10000),
(83, 92, 'freight', 60),
(84, 93, 'hand cash 20/1/12', 5000),
(85, 93, 'freight', 120),
(86, 94, 'hand cash 20/1/12', 5000),
(87, 94, 'freight', 60),
(88, 95, 'freight', 90),
(89, 97, 'hand cash 20/1/12', 4000),
(90, 97, 'freight', 120),
(91, 98, 'hand cash 20/1/12', 5000),
(92, 98, 'freight', 40),
(95, 100, 'freight', 176),
(96, 100, 'hand cash 24/1/12', 5000),
(97, 101, 'hand cash npn 24/1/12', 5000),
(98, 102, 'freight', 52),
(99, 103, 'freighjt', 112),
(100, 104, 'hand cash 20/1/12', 5000),
(101, 104, 'freight', 75),
(102, 106, 'freight', 60),
(103, 106, 'hand cash', 10000),
(105, 107, 'hand cash 20/1/12', 3000),
(106, 107, 'freight', 60),
(107, 108, 'freight', 120),
(108, 108, 'hand cash 20/1/12', 5000),
(110, 109, 'freight', 45),
(111, 109, 'hand cash 20/1/12', 3000),
(112, 110, 'freight', 105),
(113, 110, 'hand cash 20/1/12', 5000),
(114, 111, 'freight', 60),
(115, 111, 'hand cash 20/1/12', 5000),
(116, 112, 'freight', 45),
(117, 114, 'hand cash 27/1/12/', 3000),
(118, 115, 'hand cash 27/1/12', 1000),
(119, 116, 'hand cash 27/1/12', 10000),
(120, 117, 'hand cash 27/1/12', 1500),
(121, 118, 'hand cash 27/1/12', 2000),
(122, 119, 'hand cash 27/1/12', 20000),
(123, 120, 'hand cash 27/1/12', 5000),
(124, 121, 'hand cash 27/1/12', 500),
(125, 122, 'hand cash 27/1/12', 5000),
(126, 123, 'freight', 144),
(127, 123, 'hand cash 27/1/12', 500),
(128, 124, 'freight', 96),
(129, 124, 'hand cash 27/1/12', 5000),
(130, 125, 'cash hand 27/1/12', 1000),
(133, 128, 'freight', 90),
(134, 128, 'hand cash 27/1/12', 5000),
(135, 129, 'freight', 135),
(136, 129, 'hand cash 27/1/12', 3000),
(137, 130, 'freight', 210),
(138, 130, 'hand cash 27/1/12', 500),
(139, 131, 'freight', 30),
(140, 131, 'hand cash 27/1/12', 500),
(141, 132, 'freight', 75),
(142, 132, 'hand cash 27/1/12', 5000),
(143, 133, 'freight', 210),
(144, 133, 'hand cash 27/1/12', 5000),
(145, 134, 'freight', 60),
(146, 134, 'hand cash 27/1/12', 4000),
(147, 135, 'freight', 135),
(148, 135, 'hand cash 27/1/12', 3000),
(149, 136, 'freight', 195),
(150, 136, 'hand cash 27/1/12', 5000),
(151, 137, 'freight', 60),
(152, 137, 'hand cash 27/01/12', 3000),
(154, 138, 'hand cash 27/1/12', 500),
(155, 139, 'freight', 140),
(156, 139, 'hand cash 27/1/12', 5000),
(157, 140, 'freight', 200),
(158, 140, 'hand cash 27/1/12', 3000),
(159, 141, 'freight', 80),
(160, 141, 'hand cash 27/1/12', 200),
(161, 142, 'freight', 135),
(162, 142, 'hand cash 27/1/12', 20000),
(163, 143, 'freight', 345),
(164, 143, 'hand cash 27/1/12', 25000),
(165, 144, 'freight', 195),
(166, 144, 'hand cash 27/1/12', 15000),
(167, 145, 'freight', 75),
(168, 145, 'hand cash 27/1/12', 6000),
(169, 146, 'freight', 75),
(170, 146, 'hand cash 27/1/12', 5000),
(171, 147, 'freight', 90),
(172, 147, 'hand cash 27/1/12', 10000),
(173, 149, 'fright', 120),
(174, 149, 'hand cash 27/1/12', 5000),
(175, 150, 'freight', 75),
(176, 150, 'hand cash 27/1/12', 6000),
(177, 151, 'freight', 45),
(178, 151, 'hand cash', 8000),
(179, 152, 'freight', 105),
(180, 152, 'hand cash 27/1/12', 10000),
(181, 153, 'freight', 90),
(182, 153, 'hand cash 27/1/12', 1000),
(183, 154, 'freight', 120),
(184, 154, 'hand cash 27/1/12', 10000),
(185, 155, 'freight', 120),
(186, 156, 'hand cash 27/1/12', 1000),
(187, 157, 'freight', 60),
(188, 159, 'freight', 60),
(189, 158, 'freight', 45),
(190, 158, 'hand cash 27/1/12', 3000),
(191, 160, 'freight', 120),
(192, 160, 'hand cash 27/1/12', 3000),
(193, 161, 'freight', 90),
(194, 162, 'freight', 60),
(195, 164, 'freight', 65),
(196, 165, 'freight', 80),
(197, 167, 'freight', 65),
(198, 168, 'freight', 13),
(199, 170, 'freight', 26),
(200, 171, 'freight', 40),
(201, 172, 'freight', 104),
(202, 176, 'freight', 52),
(203, 178, 'freight', 80),
(204, 178, 'hand cash 27/1/12', 1000),
(205, 182, 'freight', 90),
(206, 183, 'freight', 28),
(207, 184, 'freight', 80),
(208, 187, 'freight', 40),
(209, 188, 'freight', 60),
(210, 188, 'hand cash 27/1/12', 1000),
(211, 189, 'freight', 60),
(213, 190, 'freight', 26),
(214, 192, 'freight', 30),
(215, 191, 'freight', 60),
(216, 194, 'freight', 75),
(217, 195, 'freight', 45),
(218, 197, 'freight', 75),
(219, 199, 'freight', 120),
(220, 200, 'freight', 300),
(221, 201, 'freight', 120),
(222, 202, 'freight', 224),
(223, 202, 'hand cash 27/1/12', 5000),
(224, 203, 'freight', 65),
(225, 204, 'freight', 26),
(226, 208, 'freight', 78),
(227, 210, 'freight', 75),
(228, 216, 'freight', 144),
(229, 220, 'freight', 180),
(230, 221, 'hand cash 27/1/12', 3000),
(231, 221, 'freight', 135),
(232, 222, 'freight', 60),
(233, 223, 'freight', 182),
(234, 225, 'hand cash 27/1/12', 200),
(235, 227, 'freight', 40),
(236, 234, 'freight', 52),
(237, 235, 'freight', 112),
(238, 236, 'freight', 52),
(239, 241, 'freight', 45),
(240, 249, 'freight', 75),
(241, 250, 'freight', 144),
(242, 250, 'hand cash 27/1/12', 5000),
(243, 252, 'freight', 120),
(244, 240, 'freight', 150),
(245, 254, 'freight', 105),
(246, 256, 'freight', 90),
(247, 257, 'freight', 120),
(248, 242, 'freight', 65),
(249, 258, 'freight', 45),
(250, 259, 'freight', 45),
(251, 260, 'hnad cash 27/1/12', 4000),
(252, 260, 'freight', 90),
(253, 261, 'hand cash 27/1/12', 5000),
(254, 261, 'freight', 200),
(255, 263, 'hand cash 27/1/12', 2000),
(256, 263, 'freight', 45),
(257, 264, 'freight', 75),
(258, 265, 'freight', 94),
(259, 268, 'freight', 60),
(260, 269, 'freight', 90),
(261, 270, 'freight', 75),
(262, 273, 'freight', 140),
(263, 275, 'freight', 90),
(264, 276, 'hand cash 27/1/12', 500),
(265, 277, 'freight', 360),
(266, 279, 'freight', 100),
(267, 282, 'freight', 120),
(268, 283, 'freight', 60),
(269, 284, 'freight', 90),
(270, 286, 'freight', 15),
(271, 287, 'freight', 22),
(272, 161, 'hand cash 27/1/12', 6000),
(273, 281, 'freight', 48),
(274, 288, 'freight', 60),
(275, 289, 'freight', 60),
(276, 290, 'hand cash 30/1/12', 5000),
(277, 291, 'freight', 90),
(278, 116, 'hand cash 30/1/12', 10000),
(279, 294, 'hand cash 30/1/12', 2000),
(280, 295, 'hand cash 30/1/12', 2000),
(281, 296, 'hand cash 30/1/12', 7000),
(282, 288, 'hand cash 30/1/12', 8000),
(283, 297, 'hand cash 30/1/12', 10000),
(284, 298, 'hand cash 27/1/12', 4000),
(285, 299, 'hand cash 27/1/12', 500),
(286, 300, 'hand cash 30/1/12', 500),
(287, 301, 'hand cash 30/1/12', 500),
(288, 305, 'freight', 75),
(289, 307, 'freight', 120),
(290, 307, 'hand cash 27/1/12', 2000),
(292, 312, 'hand cash 30/1/12', 500),
(293, 313, 'freight', 60),
(294, 316, 'freight', 150),
(295, 319, 'freight', 135),
(297, 319, 'hand cash 20/1/12', 12000),
(298, 322, 'freight', 15),
(299, 298, 'freight', 60),
(300, 323, 'freight', 30),
(301, 331, 'freight', 31),
(302, 332, 'freight', 60),
(303, 333, 'freight', 15),
(304, 334, 'freight', 60),
(305, 337, 'freight', 60),
(306, 338, 'freight', 52),
(307, 340, 'hand cash 27/1/12', 100),
(308, 341, 'freioght', 60),
(309, 342, 'freight', 150),
(310, 342, 'hand cash 30/1/12', 1000),
(311, 343, 'freight', 105),
(312, 344, 'freight', 75),
(313, 345, 'freight', 13),
(314, 346, 'freight', 52),
(315, 347, 'hand cash 27/1/12', 25000),
(316, 348, 'freight', 26),
(317, 349, 'freight', 91),
(318, 356, 'freight', 105),
(320, 285, 'freight', 90),
(321, 136, 'hand cash 30/1/12', 5000),
(322, 362, 'freight', 26),
(323, 363, 'freight', 180),
(324, 364, 'freight', 75),
(325, 365, 'freight', 15),
(326, 296, 'freight', 60),
(327, 127, 'freight', 420),
(328, 127, 'hand cash 27/1/12', 30000),
(329, 127, 'hand cash 30/1/12', 20000),
(330, 289, 'hand cash 30/1/12', 5000),
(331, 196, 'freight', 120),
(332, 366, 'freight', 14),
(333, 367, 'freight', 45),
(334, 372, 'freight', 15),
(335, 373, 'freight', 90);

-- --------------------------------------------------------

--
-- Table structure for table `lots`
--

CREATE TABLE IF NOT EXISTS `lots` (
  `lot_id` bigint(20) NOT NULL AUTO_INCREMENT,
  `serial` varchar(10) NOT NULL,
  `lot_number` bigint(20) NOT NULL,
  `quality` int(11) NOT NULL,
  `farmer_id` bigint(20) NOT NULL,
  `buyer_id` bigint(20) NOT NULL,
  `cost` bigint(20) NOT NULL,
  `total_cost` bigint(20) NOT NULL,
  `date` date NOT NULL,
  `pending` int(11) NOT NULL,
  `time` timestamp NOT NULL DEFAULT CURRENT_TIMESTAMP,
  PRIMARY KEY (`lot_id`)
) ENGINE=InnoDB  DEFAULT CHARSET=latin1 AUTO_INCREMENT=841 ;

--
-- Dumping data for table `lots`
--

REPLACE INTO `lots` (`lot_id`, `serial`, `lot_number`, `quality`, `farmer_id`, `buyer_id`, `cost`, `total_cost`, `date`, `pending`, `time`) VALUES
(1, '', 3, 1, 28, 16, 10000, 9900, '2012-01-13', 0, '2012-01-17 10:21:35'),
(2, '', 6, 4, 28, 16, 10000, 18300, '2012-01-13', 0, '2012-01-17 11:40:23'),
(3, '', 2, 1, 254, 91, 9400, 5546, '2012-01-20', 0, '2012-01-21 04:05:22'),
(4, '', 2, 2, 254, 91, 6600, 3960, '2012-01-20', 0, '2012-01-21 04:07:00'),
(5, '', 2, 1, 254, 44, 10500, 7140, '2012-01-20', 0, '2012-01-21 04:08:20'),
(6, '', 5, 2, 83, 15, 7200, 11160, '2012-01-20', 0, '2012-01-21 04:11:10'),
(7, '', 2, 2, 314, 92, 7100, 5041, '2012-01-20', 0, '2012-01-21 04:16:36'),
(8, '', 2, 1, 314, 15, 9800, 5782, '2012-01-20', 0, '2012-01-21 04:17:53'),
(9, '', 5, 2, 251, 92, 7400, 13172, '2012-01-20', 0, '2012-01-21 04:19:28'),
(10, '', 4, 2, 280, 19, 7300, 7373, '2012-01-20', 0, '2012-01-21 04:21:15'),
(11, '', 2, 1, 280, 21, 8700, 4698, '2012-01-20', 0, '2012-01-21 04:22:04'),
(12, '', 2, 2, 135, 91, 6600, 4818, '2012-01-20', 0, '2012-01-21 04:23:52'),
(13, '', 2, 1, 135, 91, 8400, 5628, '2012-01-20', 0, '2012-01-21 04:25:35'),
(14, '', 5, 1, 135, 91, 9000, 15750, '2012-01-20', 0, '2012-01-21 04:27:14'),
(15, '', 5, 2, 286, 24, 6600, 10428, '2012-01-20', 0, '2012-01-21 04:30:06'),
(16, '', 6, 1, 286, 31, 8600, 18060, '2012-01-20', 0, '2012-01-21 04:31:30'),
(17, '', 3, 1, 284, 15, 9300, 10137, '2012-01-20', 0, '2012-01-21 04:32:39'),
(18, '', 5, 2, 284, 92, 7200, 13032, '2012-01-20', 0, '2012-01-21 04:34:13'),
(19, '', 4, 1, 259, 83, 9000, 12420, '2012-01-20', 0, '2012-01-21 04:35:09'),
(20, '', 3, 2, 259, 26, 6800, 7072, '2012-01-20', 0, '2012-01-21 04:36:07'),
(21, '', 3, 1, 256, 18, 8800, 8448, '2012-01-20', 0, '2012-01-21 04:37:07'),
(22, '', 2, 2, 256, 92, 7100, 4686, '2012-01-20', 0, '2012-01-21 04:38:09'),
(23, '', 2, 7, 256, 84, 6600, 3828, '2012-01-20', 0, '2012-01-21 04:39:53'),
(24, '', 2, 2, 281, 22, 7000, 4270, '2012-01-20', 0, '2012-01-21 04:42:11'),
(25, '', 2, 2, 283, 22, 6800, 4216, '2012-01-20', 0, '2012-01-21 04:43:11'),
(26, '', 3, 2, 282, 92, 6500, 6695, '2012-01-20', 0, '2012-01-21 04:44:42'),
(27, '', 1, 1, 282, 18, 9500, 3610, '2012-01-20', 0, '2012-01-21 04:45:19'),
(28, '', 3, 2, 315, 19, 7200, 7848, '2012-01-20', 0, '2012-01-21 04:47:45'),
(29, '', 3, 2, 258, 92, 7200, 7128, '2012-01-20', 0, '2012-01-21 04:49:30'),
(30, '', 2, 1, 258, 15, 10000, 5600, '2012-01-20', 0, '2012-01-21 04:50:25'),
(31, '', 1, 1, 313, 19, 8800, 2992, '2012-01-20', 0, '2012-01-21 04:50:50'),
(32, '', 5, 2, 313, 19, 7000, 12530, '2012-01-20', 0, '2012-01-21 04:52:06'),
(33, '', 3, 2, 260, 92, 7000, 7210, '2012-01-20', 0, '2012-01-21 04:53:17'),
(34, '', 3, 1, 288, 19, 8500, 9605, '2012-01-20', 0, '2012-01-21 04:54:24'),
(35, '', 3, 1, 287, 15, 9300, 9858, '2012-01-20', 0, '2012-01-21 04:56:32'),
(36, '', 1, 2, 316, 24, 6300, 2268, '2012-01-20', 0, '2012-01-21 04:58:44'),
(37, '', 4, 1, 313, 91, 10000, 13500, '2012-01-20', 0, '2012-01-21 05:00:53'),
(38, '', 3, 1, 260, 91, 9200, 8924, '2012-01-20', 0, '2012-01-21 05:02:40'),
(39, '', 2, 2, 288, 91, 6400, 4096, '2012-01-20', 0, '2012-01-21 05:03:35'),
(40, '', 2, 2, 317, 91, 7200, 5040, '2012-01-20', 0, '2012-01-21 05:05:55'),
(41, '', 4, 2, 287, 22, 6800, 9520, '2012-01-20', 0, '2012-01-21 05:07:20'),
(42, '', 1, 1, 317, 15, 9500, 3895, '2012-01-20', 0, '2012-01-21 05:07:55'),
(43, '', 2, 1, 143, 15, 9500, 7410, '2012-01-20', 0, '2012-01-21 05:08:57'),
(46, '', 2, 1, 296, 83, 10000, 7300, '2012-01-20', 0, '2012-01-21 05:13:53'),
(47, '', 2, 2, 296, 31, 7000, 4900, '2012-01-20', 0, '2012-01-21 05:14:33'),
(48, '', 2, 1, 294, 91, 8500, 5100, '2012-01-20', 0, '2012-01-21 05:15:45'),
(49, '', 1, 2, 294, 31, 7000, 1680, '2012-01-20', 0, '2012-01-21 05:16:19'),
(50, '', 2, 2, 319, 15, 7200, 5184, '2012-01-20', 0, '2012-01-21 05:18:52'),
(51, '', 2, 1, 319, 91, 9500, 8265, '2012-01-20', 0, '2012-01-21 05:20:37'),
(52, '', 3, 3, 295, 91, 6600, 8184, '2012-01-20', 0, '2012-01-21 05:22:15'),
(53, '', 1, 1, 295, 31, 8800, 2816, '2012-01-20', 0, '2012-01-21 05:22:53'),
(54, '', 2, 2, 291, 26, 6800, 3536, '2012-01-20', 0, '2012-01-21 05:24:23'),
(55, '', 2, 1, 291, 91, 8600, 6106, '2012-01-20', 0, '2012-01-21 05:25:22'),
(56, '', 1, 2, 320, 92, 7400, 2516, '2012-01-20', 0, '2012-01-21 05:27:12'),
(57, '', 1, 1, 320, 15, 9600, 3456, '2012-01-20', 0, '2012-01-21 05:27:43'),
(58, '', 6, 2, 320, 84, 6200, 11842, '2012-01-20', 0, '2012-01-21 05:29:23'),
(59, '', 2, 1, 148, 18, 9000, 6750, '2012-01-20', 0, '2012-01-21 05:30:23'),
(60, '', 6, 2, 148, 91, 6400, 11648, '2012-01-20', 0, '2012-01-21 05:32:58'),
(61, '', 5, 2, 56, 17, 6500, 11180, '2012-01-20', 0, '2012-01-21 05:34:25'),
(62, '', 3, 1, 56, 50, 9000, 9360, '2012-01-20', 0, '2012-01-21 05:35:22'),
(63, '', 5, 3, 293, 17, 5600, 7896, '2012-01-20', 0, '2012-01-21 05:36:42'),
(64, '', 3, 1, 293, 31, 8600, 8772, '2012-01-20', 0, '2012-01-21 05:37:29'),
(65, '', 1, 2, 321, 31, 6600, 2244, '2012-01-20', 0, '2012-01-21 05:38:44'),
(66, '', 2, 1, 290, 15, 8800, 5984, '2012-01-20', 0, '2012-01-21 05:39:27'),
(67, '', 1, 2, 289, 50, 6600, 2376, '2012-01-20', 0, '2012-01-21 05:40:08'),
(68, '', 2, 1, 289, 50, 8500, 5695, '2012-01-20', 0, '2012-01-21 05:41:05'),
(69, '', 2, 1, 136, 22, 8800, 5456, '2012-01-20', 0, '2012-01-21 05:41:59'),
(70, '', 1, 2, 136, 19, 7000, 2030, '2012-01-20', 0, '2012-01-21 05:42:32'),
(71, '', 1, 1, 300, 91, 8400, 2604, '2012-01-20', 0, '2012-01-21 05:44:02'),
(72, '', 2, 2, 300, 22, 9000, 5850, '2012-01-20', 0, '2012-01-21 05:45:13'),
(73, '', 3, 1, 279, 15, 9200, 9660, '2012-01-20', 0, '2012-01-21 05:46:19'),
(74, '', 3, 2, 279, 84, 6500, 6760, '2012-01-20', 0, '2012-01-21 05:47:20'),
(75, '', 1, 1, 61, 91, 9000, 3060, '2012-01-20', 0, '2012-01-21 05:48:34'),
(76, '', 2, 2, 61, 15, 7200, 4968, '2012-01-20', 0, '2012-01-21 05:49:23'),
(77, '', 1, 1, 61, 20, 9000, 3060, '2012-01-20', 0, '2012-01-21 05:49:48'),
(78, '', 1, 2, 61, 91, 6400, 1408, '2012-01-20', 0, '2012-01-21 05:50:23'),
(79, '', 2, 2, 297, 17, 6400, 4416, '2012-01-20', 0, '2012-01-21 05:55:14'),
(80, '', 1, 1, 299, 82, 8100, 2997, '2012-01-20', 0, '2012-01-21 05:56:23'),
(81, '', 2, 2, 299, 24, 6700, 5092, '2012-01-20', 0, '2012-01-21 05:58:06'),
(82, '', 1, 1, 306, 15, 9500, 3610, '2012-01-20', 0, '2012-01-21 05:58:45'),
(83, '', 3, 2, 149, 17, 7500, 7275, '2012-01-20', 0, '2012-01-21 06:00:15'),
(84, '', 2, 2, 308, 22, 6600, 4026, '2012-01-20', 0, '2012-01-21 06:01:06'),
(85, '', 3, 2, 306, 15, 7200, 5616, '2012-01-20', 0, '2012-01-21 06:01:53'),
(86, '', 5, 2, 309, 18, 7000, 9380, '2012-01-20', 0, '2012-01-21 06:03:12'),
(87, '', 1, 1, 309, 15, 9200, 2668, '2012-01-20', 0, '2012-01-21 06:03:45'),
(88, '', 5, 2, 311, 91, 6500, 13065, '2012-01-20', 0, '2012-01-21 06:05:14'),
(89, '', 3, 2, 51, 22, 6600, 6270, '2012-01-20', 0, '2012-01-21 06:06:15'),
(90, '', 1, 1, 51, 91, 8500, 2550, '2012-01-20', 0, '2012-01-21 06:06:52'),
(91, '', 4, 2, 307, 18, 7000, 6510, '2012-01-20', 0, '2012-01-21 06:07:46'),
(92, '', 3, 1, 305, 21, 8600, 8514, '2012-01-20', 0, '2012-01-21 06:08:46'),
(93, '', 4, 2, 305, 91, 6700, 10385, '2012-01-20', 0, '2012-01-21 06:09:57'),
(94, '', 3, 1, 310, 83, 10500, 11235, '2012-01-20', 0, '2012-01-21 06:10:40'),
(95, '', 1, 2, 310, 92, 7200, 2304, '2012-01-20', 0, '2012-01-21 06:11:04'),
(96, '', 1, 1, 160, 15, 8800, 3872, '2012-01-20', 0, '2012-01-21 06:11:48'),
(97, '', 10, 2, 160, 18, 7000, 23030, '2012-01-20', 0, '2012-01-21 06:13:22'),
(98, '', 8, 3, 59, 91, 5500, 17875, '2012-01-20', 0, '2012-01-21 06:14:57'),
(99, '', 4, 3, 59, 91, 5500, 8085, '2012-01-20', 0, '2012-01-21 06:16:23'),
(100, '', 1, 1, 59, 91, 8100, 2592, '2012-01-20', 0, '2012-01-21 06:16:48'),
(101, '', 1, 2, 322, 17, 6700, 2412, '2012-01-20', 0, '2012-01-21 06:18:32'),
(102, '', 2, 2, 278, 17, 7300, 5037, '2012-01-20', 0, '2012-01-21 06:19:09'),
(103, '', 1, 1, 278, 17, 10000, 3300, '2012-01-20', 0, '2012-01-21 06:19:46'),
(104, '', 3, 1, 41, 20, 9000, 8820, '2012-01-20', 0, '2012-01-21 06:20:37'),
(105, '', 6, 2, 277, 20, 6900, 13593, '2012-01-20', 0, '2012-01-21 06:21:58'),
(106, '', 4, 1, 323, 17, 9400, 13160, '2012-01-20', 0, '2012-01-21 06:24:12'),
(107, '', 2, 2, 323, 17, 6900, 4554, '2012-01-20', 0, '2012-01-21 06:25:18'),
(108, '', 5, 2, 276, 20, 6500, 11310, '2012-01-20', 0, '2012-01-21 06:26:38'),
(109, '', 2, 2, 324, 17, 7200, 4896, '2012-01-20', 0, '2012-01-21 06:28:09'),
(110, '', 2, 1, 324, 17, 9400, 6392, '2012-01-20', 0, '2012-01-21 06:28:51'),
(111, '', 3, 2, 104, 88, 7500, 7275, '2012-01-20', 0, '2012-01-21 06:30:02'),
(112, '', 1, 1, 104, 82, 8300, 2822, '2012-01-20', 0, '2012-01-21 06:30:38'),
(113, '', 3, 2, 325, 15, 7300, 7300, '2012-01-20', 0, '2012-01-21 06:32:35'),
(114, '', 4, 1, 58, 82, 8500, 11900, '2012-01-20', 0, '2012-01-21 06:34:03'),
(115, '', 6, 2, 58, 22, 6800, 14280, '2012-01-20', 0, '2012-01-21 06:35:23'),
(116, '', 4, 2, 226, 15, 7400, 9028, '2012-01-20', 0, '2012-01-21 06:36:52'),
(117, '', 1, 1, 226, 26, 8600, 3096, '2012-01-20', 0, '2012-01-21 06:37:29'),
(118, '', 2, 2, 273, 88, 7200, 5184, '2012-01-20', 0, '2012-01-21 06:38:20'),
(119, '', 2, 2, 302, 20, 7400, 4884, '2012-01-20', 0, '2012-01-21 06:39:22'),
(120, '', 2, 1, 302, 44, 9800, 6076, '2012-01-20', 0, '2012-01-21 06:40:05'),
(121, '', 4, 2, 326, 25, 6600, 9372, '2012-01-20', 0, '2012-01-21 06:42:31'),
(122, '', 2, 2, 301, 17, 6400, 4480, '2012-01-20', 0, '2012-01-21 06:44:51'),
(123, '', 1, 1, 301, 82, 8500, 2550, '2012-01-20', 0, '2012-01-21 06:46:22'),
(124, '', 1, 1, 273, 31, 9000, 3150, '2012-01-20', 0, '2012-01-21 06:47:36'),
(125, '', 1, 1, 327, 82, 9000, 3330, '2012-01-20', 0, '2012-01-21 06:48:50'),
(126, '', 1, 2, 328, 91, 6300, 2331, '2012-01-20', 0, '2012-01-21 06:50:44'),
(127, '', 1, 1, 328, 24, 8400, 2184, '2012-01-20', 0, '2012-01-21 06:51:20'),
(128, '', 4, 2, 329, 17, 6800, 9248, '2012-01-20', 0, '2012-01-21 06:54:12'),
(129, '', 4, 2, 199, 20, 6300, 7686, '2012-01-20', 0, '2012-01-21 06:55:13'),
(130, '', 3, 1, 199, 82, 9000, 8370, '2012-01-20', 0, '2012-01-21 06:55:47'),
(131, '', 2, 1, 199, 17, 8500, 5440, '2012-01-20', 0, '2012-01-21 06:56:10'),
(132, '', 2, 1, 330, 82, 8800, 6072, '2012-01-20', 0, '2012-01-21 06:57:41'),
(133, '', 3, 2, 330, 17, 7000, 7210, '2012-01-20', 0, '2012-01-21 06:58:40'),
(134, '', 2, 1, 267, 20, 9000, 6210, '2012-01-20', 0, '2012-01-21 06:59:13'),
(135, '', 4, 1, 298, 17, 8800, 12848, '2012-01-20', 0, '2012-01-21 07:00:40'),
(136, '', 3, 1, 298, 20, 8400, 9240, '2012-01-20', 0, '2012-01-21 07:02:29'),
(137, '', 3, 2, 298, 31, 6000, 6780, '2012-01-20', 0, '2012-01-21 07:03:46'),
(138, '', 2, 1, 266, 20, 8200, 5740, '2012-01-20', 0, '2012-01-21 07:04:26'),
(139, '', 1, 2, 266, 22, 6500, 2145, '2012-01-20', 0, '2012-01-21 07:05:05'),
(140, '', 4, 1, 265, 88, 8900, 12816, '2012-01-20', 0, '2012-01-21 07:06:44'),
(141, '', 1, 2, 265, 15, 7200, 2448, '2012-01-20', 0, '2012-01-21 07:07:21'),
(142, '', 3, 1, 333, 17, 9100, 9373, '2012-01-20', 0, '2012-01-21 07:08:45'),
(143, '', 1, 2, 333, 20, 7000, 1960, '2012-01-20', 0, '2012-01-21 07:12:53'),
(144, '', 2, 2, 334, 83, 7100, 5325, '2012-01-20', 0, '2012-01-21 07:14:18'),
(145, '', 1, 1, 334, 15, 9500, 3515, '2012-01-20', 0, '2012-01-21 07:15:00'),
(146, '', 4, 1, 264, 20, 9000, 12420, '2012-01-20', 0, '2012-01-21 07:17:17'),
(147, '', 3, 2, 204, 20, 6500, 5915, '2012-01-20', 0, '2012-01-21 07:18:26'),
(148, '', 4, 1, 204, 25, 9100, 12012, '2012-01-20', 0, '2012-01-21 07:19:49'),
(149, '', 2, 2, 335, 17, 7600, 5016, '2012-01-20', 0, '2012-01-21 07:21:58'),
(150, '', 2, 1, 335, 17, 9600, 6336, '2012-01-20', 0, '2012-01-21 07:22:53'),
(152, '', 4, 2, 337, 15, 7200, 7992, '2012-01-20', 0, '2012-01-21 07:28:00'),
(153, '', 2, 1, 337, 20, 9000, 4950, '2012-01-20', 0, '2012-01-21 07:29:04'),
(154, '', 1, 1, 337, 44, 10000, 3400, '2012-01-20', 0, '2012-01-21 07:29:54'),
(155, '', 3, 1, 338, 88, 9200, 8924, '2012-01-20', 0, '2012-01-21 07:32:40'),
(156, '', 2, 2, 338, 91, 6700, 4690, '2012-01-20', 0, '2012-01-21 07:34:05'),
(157, '', 1, 1, 339, 31, 8500, 3315, '2012-01-20', 0, '2012-01-21 07:35:18'),
(158, '', 2, 1, 340, 83, 8600, 4644, '2012-01-20', 0, '2012-01-21 07:37:00'),
(159, '', 4, 2, 54, 22, 6300, 7938, '2012-01-20', 0, '2012-01-21 07:38:03'),
(160, '', 4, 1, 54, 26, 9000, 13500, '2012-01-20', 0, '2012-01-21 07:39:00'),
(161, '', 2, 2, 341, 17, 5500, 3575, '2012-01-20', 0, '2012-01-21 07:40:26'),
(162, '', 2, 1, 341, 83, 9000, 3690, '2012-01-20', 0, '2012-01-21 07:41:09'),
(163, '', 1, 1, 342, 31, 8800, 3256, '2012-01-20', 0, '2012-01-21 07:42:10'),
(164, '', 1, 2, 342, 15, 7200, 2304, '2012-01-20', 0, '2012-01-21 07:42:40'),
(165, '', 1, 2, 271, 31, 6700, 2278, '2012-01-20', 0, '2012-01-21 07:43:22'),
(166, '', 2, 2, 41, 91, 6200, 4340, '2012-01-20', 0, '2012-01-21 07:46:10'),
(167, '', 4, 1, 277, 91, 8700, 11571, '2012-01-20', 0, '2012-01-21 07:48:22'),
(168, '', 3, 1, 276, 91, 8700, 9135, '2012-01-20', 0, '2012-01-21 07:49:20'),
(169, '', 2, 1, 325, 91, 9700, 7275, '2012-01-20', 0, '2012-01-21 07:50:02'),
(170, '', 2, 2, 275, 91, 6800, 4624, '2012-01-20', 0, '2012-01-21 07:50:57'),
(171, '', 1, 1, 275, 91, 8900, 4361, '2012-01-20', 0, '2012-01-21 07:51:41'),
(172, '', 1, 1, 316, 91, 8400, 3444, '2012-01-20', 0, '2012-01-21 07:54:35'),
(173, '', 1, 2, 344, 91, 7000, 2380, '2012-01-20', 0, '2012-01-21 07:56:11'),
(174, '', 1, 1, 344, 91, 8800, 2904, '2012-01-20', 0, '2012-01-21 07:57:37'),
(175, '', 1, 2, 267, 91, 6500, 2145, '2012-01-20', 0, '2012-01-21 07:58:15'),
(176, '', 1, 2, 264, 91, 6500, 2730, '2012-01-20', 0, '2012-01-21 07:58:47'),
(177, '', 4, 2, 304, 91, 6400, 8448, '2012-01-20', 0, '2012-01-21 07:59:59'),
(178, '', 2, 1, 304, 91, 8600, 5590, '2012-01-20', 0, '2012-01-21 08:00:43'),
(179, '', 3, 2, 166, 91, 6800, 6868, '2012-01-20', 0, '2012-01-21 08:02:05'),
(180, '', 5, 2, 339, 91, 6600, 10428, '2012-01-20', 0, '2012-01-21 08:03:47'),
(181, '', 2, 2, 340, 91, 6800, 3808, '2012-01-20', 0, '2012-01-21 08:04:35'),
(182, '', 3, 2, 269, 91, 6600, 6270, '2012-01-20', 0, '2012-01-21 08:05:57'),
(183, '', 1, 1, 217, 91, 8400, 2688, '2012-01-20', 0, '2012-01-21 08:06:43'),
(184, '', 1, 2, 268, 91, 6200, 1984, '2012-01-20', 0, '2012-01-21 08:07:58'),
(185, '', 2, 1, 44, 91, 8900, 6141, '2012-01-20', 0, '2012-01-21 08:09:39'),
(186, '', 1, 1, 345, 91, 8700, 3132, '2012-01-20', 0, '2012-01-21 08:11:35'),
(187, '', 3, 1, 263, 91, 8000, 7600, '2012-01-20', 0, '2012-01-21 08:12:42'),
(188, '', 2, 1, 271, 91, 9300, 6510, '2012-01-20', 0, '2012-01-21 08:13:39'),
(189, '', 2, 1, 157, 91, 8300, 5810, '2012-01-20', 0, '2012-01-21 08:14:34'),
(190, '', 2, 2, 157, 91, 6400, 4352, '2012-01-20', 0, '2012-01-21 08:16:10'),
(191, '', 2, 2, 261, 91, 6500, 3640, '2012-01-20', 0, '2012-01-21 08:17:09'),
(192, '', 5, 1, 270, 20, 9800, 18620, '2012-01-20', 0, '2012-01-21 08:18:40'),
(193, '', 3, 1, 269, 17, 9300, 9300, '2012-01-20', 0, '2012-01-21 08:19:53'),
(194, '', 2, 2, 346, 17, 6800, 3332, '2012-01-20', 0, '2012-01-21 08:21:50'),
(195, '', 7, 2, 217, 17, 6900, 16491, '2012-01-20', 0, '2012-01-21 08:23:12'),
(196, '', 4, 1, 268, 25, 9300, 12834, '2012-01-20', 0, '2012-01-21 08:24:52'),
(197, '', 1, 2, 347, 15, 7200, 2880, '2012-01-20', 0, '2012-01-21 08:26:04'),
(198, '', 2, 2, 262, 25, 6800, 4148, '2012-01-20', 0, '2012-01-21 08:26:48'),
(199, '', 4, 1, 262, 24, 8600, 11352, '2012-01-20', 0, '2012-01-21 08:28:05'),
(201, '', 2, 2, 44, 17, 6800, 4692, '2012-01-20', 0, '2012-01-21 08:30:44'),
(203, '', 2, 1, 138, 15, 9300, 5859, '2012-01-20', 0, '2012-01-21 08:34:41'),
(204, '', 1, 2, 138, 24, 6500, 1885, '2012-01-20', 0, '2012-01-21 08:35:10'),
(205, '', 2, 2, 263, 26, 6600, 3960, '2012-01-20', 0, '2012-01-21 08:36:44'),
(206, '', 4, 1, 155, 88, 9350, 11220, '2012-01-20', 0, '2012-01-21 08:38:38'),
(207, '', 1, 2, 155, 17, 7000, 2170, '2012-01-20', 0, '2012-01-21 08:39:16'),
(208, '', 1, 1, 261, 15, 8600, 2924, '2012-01-20', 0, '2012-01-21 08:40:10'),
(209, '', 3, 1, 349, 20, 9300, 8835, '2012-01-20', 0, '2012-01-21 08:41:26'),
(210, '', 5, 2, 349, 84, 6500, 9360, '2012-01-20', 0, '2012-01-21 08:42:41'),
(211, '', 3, 2, 350, 21, 7300, 4599, '2012-01-20', 0, '2012-01-21 08:44:09'),
(212, '', 2, 1, 351, 44, 10000, 4000, '2012-01-20', 0, '2012-01-21 08:45:08'),
(213, '', 1, 2, 351, 15, 7500, 1575, '2012-01-20', 0, '2012-01-21 08:45:59'),
(214, '', 7, 2, 352, 25, 6500, 12350, '2012-01-20', 0, '2012-01-21 08:48:05'),
(215, '', 1, 1, 352, 88, 9500, 3230, '2012-01-20', 0, '2012-01-21 08:48:42'),
(216, '', 2, 2, 353, 17, 7500, 4350, '2012-01-20', 0, '2012-01-21 08:49:43'),
(217, '', 1, 1, 312, 82, 8500, 1360, '2012-01-20', 0, '2012-01-21 08:50:44'),
(218, '', 2, 2, 312, 91, 3500, 2065, '2012-01-20', 0, '2012-01-21 08:52:01'),
(219, '', 5, 1, 354, 91, 8800, 13728, '2012-01-20', 0, '2012-01-21 08:53:45'),
(220, '', 6, 2, 354, 91, 7000, 13860, '2012-01-20', 0, '2012-01-21 08:54:44'),
(221, '', 3, 1, 44, 20, 9200, 8372, '2012-01-20', 0, '2012-01-21 08:59:25'),
(222, '', 2, 1, 202, 44, 9500, 6555, '2012-01-20', 0, '2012-01-21 09:02:21'),
(223, '', 1, 2, 202, 92, 7400, 2368, '2012-01-20', 0, '2012-01-21 09:03:03'),
(224, '', 6, 1, 297, 91, 8500, 17850, '2012-01-20', 0, '2012-01-21 09:05:49'),
(225, '', 1, 1, 348, 20, 9800, 3136, '2012-01-20', 0, '2012-01-23 07:51:39'),
(229, '', 2, 2, 356, 85, 5900, 4248, '2012-01-27', 0, '2012-01-28 06:06:23'),
(230, '', 2, 2, 356, 85, 5500, 4015, '2012-01-27', 0, '2012-01-28 06:07:21'),
(231, '', 1, 1, 356, 98, 8000, 3680, '2012-01-27', 0, '2012-01-28 06:08:36'),
(232, '', 2, 1, 63, 98, 8100, 5103, '2012-01-27', 0, '2012-01-28 06:11:01'),
(233, '', 4, 2, 211, 22, 6100, 7503, '2012-01-27', 0, '2012-01-28 06:11:22'),
(234, '', 1, 1, 211, 98, 8000, 3120, '2012-01-27', 0, '2012-01-28 06:12:13'),
(235, '', 1, 2, 357, 41, 8200, 2624, '2012-01-27', 0, '2012-01-28 06:15:12'),
(236, '', 2, 2, 63, 99, 5800, 3480, '2012-01-27', 0, '2012-01-28 06:15:40'),
(237, '', 1, 2, 357, 22, 6350, 2223, '2012-01-27', 0, '2012-01-28 06:15:44'),
(238, '', 1, 2, 358, 82, 5800, 1972, '2012-01-27', 0, '2012-01-28 06:17:25'),
(239, '', 1, 1, 358, 22, 7700, 3465, '2012-01-27', 0, '2012-01-28 06:17:57'),
(240, '', 4, 1, 93, 41, 8200, 11644, '2012-01-27', 0, '2012-01-28 06:20:50'),
(241, '', 3, 2, 359, 100, 6100, 6771, '2012-01-27', 0, '2012-01-28 06:21:07'),
(242, '', 2, 1, 359, 100, 8200, 5986, '2012-01-27', 0, '2012-01-28 06:21:48'),
(243, '', 8, 2, 93, 22, 6100, 17141, '2012-01-27', 0, '2012-01-28 06:23:03'),
(244, '', 3, 2, 360, 100, 6200, 5828, '2012-01-27', 0, '2012-01-28 06:23:34'),
(245, '', 3, 1, 320, 22, 8250, 8993, '2012-01-27', 0, '2012-01-28 06:24:17'),
(246, '', 2, 1, 314, 98, 8200, 4756, '2012-01-27', 0, '2012-01-28 06:24:45'),
(247, '', 3, 2, 320, 17, 5900, 6195, '2012-01-27', 0, '2012-01-28 06:25:11'),
(248, '', 2, 2, 314, 26, 5200, 3380, '2012-01-27', 0, '2012-01-28 06:25:23'),
(249, '', 3, 1, 361, 98, 8000, 7840, '2012-01-27', 0, '2012-01-28 06:26:58'),
(250, '', 16, 1, 354, 98, 8000, 42240, '2012-01-27', 0, '2012-01-28 06:27:30'),
(251, '', 3, 2, 361, 17, 6100, 5673, '2012-01-27', 0, '2012-01-28 06:27:47'),
(252, '', 2, 2, 60, 27, 5800, 3712, '2012-01-27', 0, '2012-01-28 06:28:46'),
(253, '', 6, 2, 149, 100, 6000, 11640, '2012-01-27', 0, '2012-01-28 06:29:01'),
(254, '', 3, 1, 60, 100, 8200, 8610, '2012-01-27', 0, '2012-01-28 06:29:18'),
(255, '', 7, 1, 362, 50, 7600, 17404, '2012-01-27', 0, '2012-01-28 06:30:43'),
(256, '', 5, 2, 362, 41, 6200, 10292, '2012-01-27', 0, '2012-01-28 06:31:19'),
(257, '', 2, 1, 363, 41, 8500, 6035, '2012-01-27', 0, '2012-01-28 06:31:28'),
(258, '', 4, 2, 363, 92, 5800, 7946, '2012-01-27', 0, '2012-01-28 06:33:40'),
(259, '', 6, 2, 364, 85, 6000, 10740, '2012-01-27', 0, '2012-01-28 06:33:54'),
(260, '', 4, 1, 364, 22, 8000, 10880, '2012-01-27', 0, '2012-01-28 06:34:54'),
(261, '', 2, 1, 38, 17, 8000, 6320, '2012-01-27', 0, '2012-01-28 06:35:56'),
(262, '', 6, 1, 38, 98, 8000, 17120, '2012-01-27', 0, '2012-01-28 06:36:48'),
(263, '', 2, 1, 61, 22, 8250, 5610, '2012-01-27', 0, '2012-01-28 06:37:38'),
(264, '', 5, 2, 61, 100, 6000, 9660, '2012-01-27', 0, '2012-01-28 06:38:18'),
(265, '', 8, 2, 38, 83, 5800, 14790, '2012-01-27', 0, '2012-01-28 06:39:53'),
(266, '', 4, 1, 43, 100, 9100, 12922, '2012-01-27', 0, '2012-01-28 06:41:09'),
(267, '', 5, 2, 43, 41, 6550, 10939, '2012-01-27', 0, '2012-01-28 06:42:25'),
(268, '', 4, 2, 365, 85, 6000, 7560, '2012-01-27', 0, '2012-01-28 06:44:14'),
(270, '', 6, 1, 304, 41, 8100, 15552, '2012-01-27', 0, '2012-01-28 06:46:06'),
(272, '', 3, 2, 355, 104, 6000, 5940, '2012-01-27', 0, '2012-01-28 06:54:09'),
(273, '', 5, 1, 59, 100, 8000, 14640, '2012-01-27', 0, '2012-01-28 06:55:13'),
(274, '', 2, 1, 368, 15, 8100, 5670, '2012-01-27', 0, '2012-01-28 06:55:32'),
(275, '', 2, 2, 368, 22, 6100, 3904, '2012-01-27', 0, '2012-01-28 06:57:08'),
(276, '', 3, 1, 340, 22, 7700, 8547, '2012-01-27', 0, '2012-01-28 06:58:18'),
(277, '', 1, 2, 369, 85, 4600, 1978, '2012-01-27', 0, '2012-01-28 06:59:19'),
(278, '', 8, 2, 59, 101, 5000, 13200, '2012-01-27', 0, '2012-01-28 07:01:40'),
(279, '', 4, 2, 370, 22, 6100, 8601, '2012-01-27', 0, '2012-01-28 07:02:12'),
(280, '', 2, 1, 370, 98, 8400, 6048, '2012-01-27', 0, '2012-01-28 07:03:20'),
(281, '', 2, 1, 371, 22, 7400, 4292, '2012-01-27', 0, '2012-01-28 07:04:55'),
(282, '', 9, 2, 59, 85, 5300, 16271, '2012-01-27', 0, '2012-01-28 07:05:02'),
(283, '', 1, 2, 56, 85, 5600, 1456, '2012-01-27', 0, '2012-01-28 07:05:39'),
(284, '', 1, 2, 371, 85, 5900, 1770, '2012-01-27', 0, '2012-01-28 07:05:53'),
(285, '', 2, 1, 56, 25, 8000, 4400, '2012-01-27', 0, '2012-01-28 07:06:21'),
(286, '', 1, 1, 226, 17, 7900, 2765, '2012-01-27', 0, '2012-01-28 07:07:13'),
(288, '', 4, 2, 160, 17, 5900, 7788, '2012-01-27', 0, '2012-01-28 07:08:00'),
(290, '', 3, 1, 160, 98, 8100, 8586, '2012-01-27', 0, '2012-01-28 07:08:41'),
(291, '', 2, 2, 317, 85, 5500, 3025, '2012-01-27', 0, '2012-01-28 07:09:14'),
(292, '', 4, 1, 373, 22, 8000, 11840, '2012-01-27', 0, '2012-01-28 07:13:00'),
(293, '', 1, 1, 374, 102, 7500, 2475, '2012-01-27', 0, '2012-01-28 07:14:56'),
(294, '', 3, 1, 31, 98, 8100, 7533, '2012-01-27', 0, '2012-01-28 07:15:26'),
(295, '', 1, 2, 374, 85, 5600, 2016, '2012-01-27', 0, '2012-01-28 07:15:29'),
(296, '', 6, 2, 31, 85, 5900, 12862, '2012-01-27', 0, '2012-01-28 07:16:32'),
(297, '', 1, 1, 375, 17, 7800, 2964, '2012-01-27', 0, '2012-01-28 07:17:11'),
(298, '', 3, 2, 341, 85, 5500, 4400, '2012-01-27', 0, '2012-01-28 07:17:25'),
(299, '', 1, 1, 376, 83, 8000, 2720, '2012-01-27', 0, '2012-01-28 07:18:22'),
(300, '', 2, 2, 377, 85, 5500, 4015, '2012-01-27', 0, '2012-01-28 07:18:43'),
(301, '', 3, 2, 378, 35, 5600, 4928, '2012-01-27', 0, '2012-01-28 07:20:32'),
(302, '', 2, 2, 379, 85, 5900, 3953, '2012-01-27', 0, '2012-01-28 07:20:39'),
(303, '', 3, 1, 380, 22, 8000, 7520, '2012-01-27', 0, '2012-01-28 07:22:47'),
(304, '', 3, 2, 114, 99, 6300, 5733, '2012-01-27', 0, '2012-01-28 07:23:00'),
(305, '', 2, 1, 114, 100, 8200, 5576, '2012-01-27', 0, '2012-01-28 07:23:32'),
(306, '', 1, 2, 380, 85, 5900, 1770, '2012-01-27', 0, '2012-01-28 07:23:36'),
(307, '', 7, 1, 381, 17, 8200, 21730, '2012-01-27', 0, '2012-01-28 07:25:15'),
(308, '', 3, 1, 382, 98, 8000, 8640, '2012-01-27', 0, '2012-01-28 07:25:25'),
(309, '', 2, 2, 382, 17, 6000, 3360, '2012-01-27', 0, '2012-01-28 07:26:04'),
(310, '', 6, 2, 381, 100, 6000, 12480, '2012-01-27', 0, '2012-01-28 07:26:16'),
(311, '', 1, 1, 382, 22, 7100, 2556, '2012-01-27', 0, '2012-01-28 07:26:44'),
(312, '', 5, 2, 383, 17, 6200, 10664, '2012-01-27', 0, '2012-01-28 07:28:14'),
(313, '', 2, 1, 385, 98, 7900, 5530, '2012-01-27', 0, '2012-01-28 07:29:41'),
(314, '', 4, 1, 384, 22, 7900, 10270, '2012-01-27', 0, '2012-01-28 07:30:00'),
(315, '', 4, 2, 384, 99, 5800, 6264, '2012-01-27', 0, '2012-01-28 07:30:39'),
(316, '', 1, 2, 385, 85, 5700, 1824, '2012-01-27', 0, '2012-01-28 07:31:38'),
(317, '', 3, 1, 386, 98, 8200, 8610, '2012-01-27', 0, '2012-01-28 07:33:07'),
(318, '', 3, 2, 254, 22, 5600, 4816, '2012-01-27', 0, '2012-01-28 07:33:57'),
(319, '', 1, 2, 386, 99, 5900, 2006, '2012-01-27', 0, '2012-01-28 07:35:16'),
(320, '', 3, 1, 254, 103, 7800, 8580, '2012-01-27', 0, '2012-01-28 07:35:50'),
(321, '', 4, 1, 29, 22, 7800, 10998, '2012-01-27', 0, '2012-01-28 07:37:05'),
(322, '', 4, 1, 387, 103, 8000, 11280, '2012-01-27', 0, '2012-01-28 07:37:17'),
(323, '', 3, 1, 387, 22, 8100, 7776, '2012-01-27', 0, '2012-01-28 07:38:15'),
(324, '', 4, 2, 29, 85, 6000, 7980, '2012-01-27', 0, '2012-01-28 07:38:24'),
(325, '', 4, 2, 387, 35, 5600, 7224, '2012-01-27', 0, '2012-01-28 07:38:58'),
(326, '', 4, 2, 387, 85, 5500, 7480, '2012-01-27', 0, '2012-01-28 07:40:16'),
(327, '', 2, 1, 388, 22, 7900, 6162, '2012-01-27', 0, '2012-01-28 07:43:46'),
(328, '', 4, 2, 313, 100, 6100, 8845, '2012-01-27', 0, '2012-01-28 07:44:00'),
(329, '', 2, 2, 388, 99, 6000, 3720, '2012-01-27', 0, '2012-01-28 07:44:42'),
(330, '', 2, 1, 313, 100, 8000, 5520, '2012-01-27', 0, '2012-01-28 07:44:56'),
(331, '', 3, 2, 313, 82, 4400, 4356, '2012-01-27', 0, '2012-01-28 07:45:33'),
(332, '', 5, 1, 202, 17, 8100, 13932, '2012-01-27', 0, '2012-01-28 07:46:28'),
(333, '', 3, 3, 389, 82, 4000, 4240, '2012-01-27', 0, '2012-01-28 07:47:12'),
(334, '', 2, 2, 202, 99, 6100, 4087, '2012-01-27', 0, '2012-01-28 07:48:31'),
(335, '', 2, 2, 389, 100, 5900, 4071, '2012-01-27', 0, '2012-01-28 07:48:50'),
(336, '', 2, 1, 389, 102, 7500, 5325, '2012-01-27', 0, '2012-01-28 07:49:35'),
(337, '', 3, 1, 226, 99, 5900, 6136, '2012-01-27', 0, '2012-01-28 07:51:06'),
(339, '', 5, 1, 226, 102, 7600, 13224, '2012-01-27', 0, '2012-01-28 07:52:21'),
(341, '', 2, 2, 278, 85, 5700, 3876, '2012-01-27', 0, '2012-01-28 07:55:13'),
(342, '', 2, 1, 278, 98, 8400, 5628, '2012-01-27', 0, '2012-01-28 07:55:45'),
(343, '', 3, 1, 391, 15, 8800, 8888, '2012-01-27', 0, '2012-01-28 07:56:58'),
(344, '', 4, 1, 305, 98, 8000, 11120, '2012-01-27', 0, '2012-01-28 07:57:04'),
(345, '', 4, 1, 50, 102, 8050, 10465, '2012-01-27', 0, '2012-01-28 07:59:57'),
(346, '', 4, 2, 50, 99, 5900, 8201, '2012-01-27', 0, '2012-01-28 08:01:16'),
(347, '', 3, 2, 41, 35, 5500, 5060, '2012-01-27', 0, '2012-01-28 08:01:59'),
(348, '', 2, 2, 392, 104, 5800, 4002, '2012-01-27', 0, '2012-01-28 08:02:31'),
(349, '', 3, 1, 41, 102, 8000, 7840, '2012-01-27', 0, '2012-01-28 08:02:41'),
(350, '', 1, 1, 392, 15, 8500, 2890, '2012-01-27', 0, '2012-01-28 08:03:08'),
(351, '', 5, 2, 80, 30, 5700, 10203, '2012-01-27', 0, '2012-01-28 08:04:14'),
(352, '', 2, 1, 393, 102, 7600, 5092, '2012-01-27', 0, '2012-01-28 08:04:20'),
(353, '', 4, 1, 80, 98, 7800, 10530, '2012-01-27', 0, '2012-01-28 08:04:51'),
(354, '', 1, 2, 393, 35, 5000, 1800, '2012-01-27', 0, '2012-01-28 08:06:08'),
(355, '', 5, 1, 394, 98, 8600, 12814, '2012-01-27', 0, '2012-01-28 08:06:47'),
(356, '', 3, 2, 394, 41, 6100, 4758, '2012-01-27', 0, '2012-01-28 08:07:22'),
(357, '', 3, 2, 178, 99, 5700, 5757, '2012-01-27', 0, '2012-01-28 08:07:49'),
(358, '', 3, 2, 396, 100, 5700, 5358, '2012-01-27', 0, '2012-01-28 08:08:50'),
(359, '', 3, 1, 396, 100, 7800, 8190, '2012-01-27', 0, '2012-01-28 08:09:23'),
(360, '', 3, 1, 395, 101, 7000, 7210, '2012-01-27', 0, '2012-01-28 08:09:58'),
(361, '', 4, 2, 397, 100, 6800, 9452, '2012-01-27', 0, '2012-01-28 08:11:18'),
(362, '', 3, 1, 398, 65, 8000, 8560, '2012-01-27', 0, '2012-01-28 08:11:31'),
(363, '', 3, 1, 397, 98, 8500, 7905, '2012-01-27', 0, '2012-01-28 08:11:52'),
(364, '', 3, 2, 397, 65, 6700, 7638, '2012-01-27', 0, '2012-01-28 08:12:24'),
(365, '', 2, 2, 212, 92, 6000, 3360, '2012-01-27', 0, '2012-01-28 08:12:52'),
(366, '', 1, 1, 346, 18, 8000, 2800, '2012-01-27', 0, '2012-01-28 08:13:10'),
(367, '', 4, 1, 212, 15, 7600, 10488, '2012-01-27', 0, '2012-01-28 08:13:19'),
(368, '', 4, 2, 346, 104, 6000, 8040, '2012-01-27', 0, '2012-01-28 08:14:07'),
(369, '', 4, 1, 400, 102, 7750, 10540, '2012-01-27', 0, '2012-01-28 08:14:48'),
(370, '', 1, 2, 402, 91, 5800, 1508, '2012-01-27', 0, '2012-01-28 08:15:42'),
(371, '', 4, 1, 401, 17, 7700, 9933, '2012-01-27', 0, '2012-01-28 08:15:49'),
(372, '', 2, 1, 402, 85, 7800, 5148, '2012-01-27', 0, '2012-01-28 08:16:12'),
(373, '', 5, 1, 404, 65, 8000, 13520, '2012-01-27', 0, '2012-01-28 08:17:24'),
(374, '', 3, 2, 403, 105, 5800, 4582, '2012-01-27', 0, '2012-01-28 08:21:53'),
(375, '', 3, 1, 399, 30, 8000, 7760, '2012-01-27', 0, '2012-01-28 08:21:57'),
(376, '', 3, 1, 403, 18, 7600, 6612, '2012-01-27', 0, '2012-01-28 08:22:22'),
(377, '', 3, 2, 404, 83, 5800, 5626, '2012-01-27', 0, '2012-01-28 08:22:41'),
(378, '', 6, 2, 329, 28, 5500, 11880, '2012-01-27', 0, '2012-01-28 08:23:16'),
(379, '', 2, 1, 329, 30, 8500, 4335, '2012-01-27', 0, '2012-01-28 08:23:46'),
(380, '', 1, 1, 329, 26, 7700, 1694, '2012-01-27', 0, '2012-01-28 08:24:07'),
(381, '', 3, 2, 405, 85, 5400, 5292, '2012-01-27', 0, '2012-01-28 08:24:09'),
(382, '', 6, 2, 199, 104, 5800, 11600, '2012-01-27', 0, '2012-01-28 08:24:51'),
(383, '', 3, 1, 405, 85, 8400, 8736, '2012-01-27', 0, '2012-01-28 08:24:57'),
(384, '', 2, 1, 199, 29, 8000, 5760, '2012-01-27', 0, '2012-01-28 08:25:22'),
(385, '', 4, 1, 199, 29, 8300, 11620, '2012-01-27', 0, '2012-01-28 08:25:56'),
(387, '', 5, 1, 406, 24, 7900, 14536, '2012-01-27', 0, '2012-01-28 09:10:59'),
(389, '', 4, 2, 407, 91, 5300, 7261, '2012-01-27', 0, '2012-01-28 09:13:57'),
(390, '', 3, 1, 407, 28, 7700, 9317, '2012-01-27', 0, '2012-01-28 09:14:37'),
(391, '', 5, 2, 406, 17, 6000, 9960, '2012-01-27', 0, '2012-01-28 09:15:39'),
(392, '', 2, 2, 406, 82, 4500, 3330, '2012-01-27', 0, '2012-01-28 09:16:13'),
(393, '', 2, 1, 408, 17, 7800, 5304, '2012-01-27', 0, '2012-01-28 09:16:34'),
(394, '', 5, 2, 409, 105, 5900, 9735, '2012-01-27', 0, '2012-01-28 09:17:21'),
(395, '', 2, 2, 298, 106, 5900, 2950, '2012-01-27', 0, '2012-01-28 09:21:00'),
(396, '', 3, 1, 410, 20, 7800, 6474, '2012-01-27', 0, '2012-01-28 09:21:57'),
(397, '', 1, 1, 411, 102, 8000, 2960, '2012-01-27', 0, '2012-01-28 09:23:11'),
(398, '', 2, 1, 412, 27, 7800, 4758, '2012-01-27', 0, '2012-01-28 09:23:21'),
(399, '', 3, 2, 413, 91, 5600, 5712, '2012-01-27', 0, '2012-01-28 09:24:33'),
(400, '', 2, 1, 413, 91, 8000, 5680, '2012-01-27', 0, '2012-01-28 09:25:10'),
(401, '', 3, 2, 412, 99, 5700, 5073, '2012-01-27', 0, '2012-01-28 09:26:10'),
(402, '', 2, 1, 414, 91, 7700, 5236, '2012-01-27', 0, '2012-01-28 09:26:25'),
(403, '', 6, 2, 408, 85, 5850, 11583, '2012-01-27', 0, '2012-01-28 09:27:32'),
(404, '', 7, 2, 152, 85, 5600, 11144, '2012-01-27', 0, '2012-01-28 09:28:05'),
(405, '', 2, 1, 234, 98, 8100, 6237, '2012-01-27', 0, '2012-01-28 09:28:37'),
(406, '', 7, 1, 152, 83, 7900, 16985, '2012-01-27', 0, '2012-01-28 09:28:46'),
(407, '', 2, 2, 234, 17, 6000, 3180, '2012-01-27', 0, '2012-01-28 09:29:16'),
(408, '', 4, 1, 416, 91, 7400, 9768, '2012-01-27', 0, '2012-01-28 09:30:11'),
(409, '', 6, 2, 416, 35, 5800, 9454, '2012-01-27', 0, '2012-01-28 09:30:55'),
(410, '', 3, 2, 418, 17, 6200, 5704, '2012-01-27', 0, '2012-01-28 09:33:11'),
(411, '', 2, 1, 418, 102, 7900, 5609, '2012-01-27', 0, '2012-01-28 09:34:28'),
(412, '', 4, 2, 419, 15, 5900, 8437, '2012-01-27', 0, '2012-01-28 09:35:15'),
(413, '', 3, 1, 333, 91, 7700, 8008, '2012-01-27', 0, '2012-01-28 09:35:40'),
(414, '', 7, 1, 419, 91, 7800, 19500, '2012-01-27', 0, '2012-01-28 09:35:55'),
(415, '', 1, 2, 333, 105, 7300, 2482, '2012-01-27', 0, '2012-01-28 09:36:29'),
(416, '', 3, 1, 421, 91, 5800, 6148, '2012-01-27', 0, '2012-01-28 09:37:44'),
(417, '', 3, 1, 421, 27, 7900, 7979, '2012-01-27', 0, '2012-01-28 09:38:18'),
(418, '', 2, 2, 422, 17, 5800, 4060, '2012-01-27', 0, '2012-01-28 09:41:17'),
(420, '', 3, 1, 422, 106, 7300, 6351, '2012-01-27', 0, '2012-01-28 09:41:50'),
(421, '', 2, 1, 423, 27, 7500, 4350, '2012-01-27', 0, '2012-01-28 09:42:54'),
(422, '', 2, 1, 424, 17, 7900, 4740, '2012-01-27', 0, '2012-01-28 09:43:38'),
(423, '', 2, 2, 426, 18, 5800, 2900, '2012-01-27', 0, '2012-01-28 09:45:41'),
(424, '', 3, 2, 425, 99, 6000, 4260, '2012-01-27', 0, '2012-01-28 09:46:07'),
(425, '', 3, 1, 426, 50, 7900, 6873, '2012-01-27', 0, '2012-01-28 09:46:25'),
(426, '', 2, 2, 338, 20, 6150, 3690, '2012-01-27', 0, '2012-01-28 09:46:36'),
(427, '', 1, 2, 427, 85, 5700, 1596, '2012-01-27', 0, '2012-01-28 09:47:41'),
(428, '', 5, 1, 67, 22, 7300, 14381, '2012-01-27', 0, '2012-01-28 09:48:23'),
(429, '', 1, 2, 428, 22, 6100, 1220, '2012-01-27', 0, '2012-01-28 09:48:51'),
(430, '', 1, 1, 428, 98, 8500, 3485, '2012-01-27', 0, '2012-01-28 09:49:08'),
(431, '', 1, 2, 430, 15, 6000, 1920, '2012-01-27', 0, '2012-01-28 09:50:00'),
(432, '', 4, 2, 429, 99, 6000, 6660, '2012-01-27', 0, '2012-01-28 09:52:13'),
(433, '', 2, 1, 430, 100, 8200, 5494, '2012-01-27', 0, '2012-01-28 09:52:18'),
(434, '', 2, 2, 431, 105, 5800, 4118, '2012-01-27', 0, '2012-01-28 09:53:54'),
(435, '', 4, 2, 432, 100, 6000, 7500, '2012-01-27', 0, '2012-01-28 09:53:56'),
(438, '', 1, 1, 433, 28, 7900, 2291, '2012-01-27', 0, '2012-01-28 09:55:53'),
(439, '', 1, 2, 434, 83, 5800, 1624, '2012-01-27', 0, '2012-01-28 09:56:39'),
(440, '', 4, 1, 432, 98, 8000, 10800, '2012-01-27', 0, '2012-01-28 09:56:46'),
(441, '', 1, 1, 435, 98, 8000, 2000, '2012-01-27', 0, '2012-01-28 09:58:07'),
(442, '', 1, 2, 435, 17, 5900, 1888, '2012-01-27', 0, '2012-01-28 09:58:31'),
(443, '', 1, 2, 420, 105, 5800, 2088, '2012-01-27', 0, '2012-01-28 10:00:23'),
(444, '', 7, 1, 436, 98, 8100, 18792, '2012-01-27', 0, '2012-01-28 10:00:46'),
(445, '', 1, 2, 437, 17, 5600, 896, '2012-01-27', 0, '2012-01-28 10:01:47'),
(446, '', 6, 2, 436, 65, 6000, 11520, '2012-01-27', 0, '2012-01-28 10:02:02'),
(447, '', 1, 2, 438, 104, 6500, 2340, '2012-01-27', 0, '2012-01-28 10:04:04'),
(448, '', 3, 2, 326, 17, 5800, 5974, '2012-01-27', 0, '2012-01-28 10:04:33'),
(449, '', 1, 1, 431, 91, 7800, 2418, '2012-01-27', 0, '2012-01-28 10:05:02'),
(450, '', 1, 1, 326, 109, 7900, 2844, '2012-01-27', 0, '2012-01-28 10:05:13'),
(451, '', 2, 2, 439, 15, 6500, 4615, '2012-01-27', 0, '2012-01-28 10:06:02'),
(452, '', 2, 1, 159, 98, 8000, 5280, '2012-01-27', 0, '2012-01-28 10:06:04'),
(453, '', 1, 1, 440, 102, 7800, 2808, '2012-01-27', 0, '2012-01-28 10:08:01'),
(454, '', 3, 2, 159, 99, 6000, 6180, '2012-01-27', 0, '2012-01-28 10:09:07'),
(455, '', 5, 2, 270, 104, 5800, 8990, '2012-01-27', 0, '2012-01-28 10:09:22'),
(456, '', 2, 1, 175, 65, 8200, 5330, '2012-01-27', 0, '2012-01-28 10:09:56'),
(457, '', 5, 1, 270, 17, 8000, 14640, '2012-01-27', 0, '2012-01-28 10:09:59'),
(458, '', 2, 2, 175, 41, 6000, 4320, '2012-01-27', 0, '2012-01-28 10:11:25'),
(459, '', 4, 2, 441, 99, 6000, 5580, '2012-01-27', 0, '2012-01-28 10:12:54'),
(460, '', 3, 2, 442, 22, 5900, 5133, '2012-01-27', 0, '2012-01-28 10:13:24'),
(461, '', 2, 1, 444, 98, 8000, 5600, '2012-01-27', 0, '2012-01-28 10:13:45'),
(462, '', 2, 2, 443, 22, 6600, 4224, '2012-01-27', 0, '2012-01-28 10:13:49'),
(463, '', 5, 2, 445, 15, 6500, 11050, '2012-01-27', 0, '2012-01-28 10:15:10'),
(464, '', 2, 2, 444, 25, 5700, 3990, '2012-01-27', 0, '2012-01-28 10:16:39'),
(465, '', 6, 1, 446, 102, 8750, 20563, '2012-01-27', 0, '2012-01-28 10:16:43'),
(466, '', 2, 2, 446, 91, 5800, 4350, '2012-01-27', 0, '2012-01-28 10:17:17'),
(467, '', 4, 1, 447, 98, 7600, 10944, '2012-01-27', 0, '2012-01-28 10:18:41'),
(468, '', 1, 2, 447, 106, 6000, 1680, '2012-01-27', 0, '2012-01-28 10:19:02'),
(469, '', 4, 1, 448, 98, 7900, 10981, '2012-01-27', 0, '2012-01-28 10:20:39'),
(470, '', 2, 1, 215, 99, 7000, 5460, '2012-01-27', 0, '2012-01-28 10:20:50'),
(471, '', 4, 2, 215, 85, 5600, 7112, '2012-01-27', 0, '2012-01-28 10:21:21'),
(472, '', 2, 1, 201, 98, 7900, 5451, '2012-01-27', 0, '2012-01-28 10:22:31'),
(473, '', 3, 1, 449, 98, 7700, 6853, '2012-01-27', 0, '2012-01-28 10:23:02'),
(474, '', 3, 2, 201, 105, 5600, 6384, '2012-01-27', 0, '2012-01-28 10:23:12'),
(475, '', 1, 2, 449, 41, 5800, 2088, '2012-01-27', 0, '2012-01-28 10:24:11'),
(476, '', 3, 2, 310, 91, 5200, 6552, '2012-01-27', 0, '2012-01-28 10:24:13'),
(477, '', 2, 1, 310, 98, 8000, 5840, '2012-01-27', 0, '2012-01-28 10:24:42'),
(478, '', 2, 1, 450, 30, 8000, 4960, '2012-01-27', 0, '2012-01-28 10:25:30'),
(479, '', 3, 1, 310, 85, 8100, 8829, '2012-01-27', 0, '2012-01-28 10:25:34'),
(480, '', 2, 2, 452, 85, 5400, 3510, '2012-01-27', 0, '2012-01-28 10:27:33'),
(481, '', 4, 1, 451, 22, 7200, 10800, '2012-01-27', 0, '2012-01-28 10:27:55'),
(482, '', 2, 1, 267, 15, 8200, 5822, '2012-01-27', 0, '2012-01-28 10:30:59'),
(483, '', 1, 2, 267, 50, 5500, 1925, '2012-01-27', 0, '2012-01-28 10:31:39'),
(484, '', 4, 2, 453, 65, 6300, 7560, '2012-01-27', 0, '2012-01-28 10:32:00'),
(485, '', 3, 1, 125, 107, 8500, 8755, '2012-01-27', 0, '2012-01-28 10:32:24'),
(486, '', 1, 1, 453, 65, 8200, 4346, '2012-01-27', 0, '2012-01-28 10:32:35'),
(487, '', 2, 2, 163, 85, 6000, 4140, '2012-01-27', 0, '2012-01-28 10:33:13'),
(488, '', 2, 1, 163, 65, 8500, 5780, '2012-01-27', 0, '2012-01-28 10:33:39'),
(489, '', 2, 2, 125, 15, 5700, 3876, '2012-01-27', 0, '2012-01-28 10:33:50'),
(490, '', 3, 1, 455, 35, 8600, 9632, '2012-01-27', 0, '2012-01-28 10:34:38'),
(491, '', 2, 1, 157, 107, 8500, 5950, '2012-01-27', 0, '2012-01-28 10:34:41'),
(493, '', 1, 2, 157, 15, 5600, 2016, '2012-01-27', 0, '2012-01-28 10:35:51'),
(494, '', 5, 2, 457, 104, 5850, 10062, '2012-01-27', 0, '2012-01-28 10:38:34'),
(495, '', 2, 1, 458, 50, 5300, 3498, '2012-01-27', 0, '2012-01-28 10:38:42'),
(496, '', 8, 1, 457, 24, 8000, 24000, '2012-01-27', 0, '2012-01-28 10:39:23'),
(497, '', 1, 1, 458, 15, 8500, 2805, '2012-01-27', 0, '2012-01-28 10:39:26'),
(498, '', 2, 1, 58, 107, 8200, 5494, '2012-01-27', 0, '2012-01-28 10:40:49'),
(499, '', 2, 2, 58, 82, 4500, 2925, '2012-01-27', 0, '2012-01-28 10:42:04'),
(500, '', 8, 2, 45, 85, 5650, 15538, '2012-01-27', 0, '2012-01-28 10:42:42'),
(501, '', 3, 2, 272, 50, 5400, 5670, '2012-01-27', 0, '2012-01-28 10:43:01'),
(502, '', 1, 1, 45, 50, 7200, 2664, '2012-01-27', 0, '2012-01-28 10:43:09'),
(503, '', 2, 1, 293, 26, 7900, 5688, '2012-01-27', 0, '2012-01-28 10:43:52'),
(504, '', 2, 2, 293, 82, 4000, 2800, '2012-01-27', 0, '2012-01-28 10:44:29'),
(505, '', 2, 2, 293, 85, 5400, 3402, '2012-01-27', 0, '2012-01-28 10:46:30'),
(506, '', 2, 1, 460, 20, 7500, 5400, '2012-01-27', 0, '2012-01-28 10:47:50'),
(507, '', 3, 2, 460, 35, 5600, 6104, '2012-01-27', 0, '2012-01-28 10:48:22'),
(508, '', 3, 7, 460, 35, 5400, 5562, '2012-01-27', 0, '2012-01-28 10:49:01'),
(509, '', 3, 1, 272, 109, 8400, 8568, '2012-01-27', 0, '2012-01-28 10:49:45'),
(510, '', 3, 1, 461, 26, 7800, 9048, '2012-01-27', 0, '2012-01-28 10:50:38'),
(511, '', 6, 2, 461, 91, 5200, 11752, '2012-01-27', 0, '2012-01-28 10:51:30'),
(512, '', 3, 2, 462, 104, 5800, 5684, '2012-01-27', 0, '2012-01-28 10:52:00'),
(513, '', 5, 2, 461, 30, 6000, 10320, '2012-01-27', 0, '2012-01-28 10:52:27'),
(514, '', 8, 2, 153, 20, 5600, 15008, '2012-01-27', 0, '2012-01-28 10:53:11'),
(515, '', 8, 1, 153, 102, 7900, 21014, '2012-01-27', 0, '2012-01-28 10:53:56'),
(516, '', 2, 1, 462, 18, 8800, 6072, '2012-01-27', 0, '2012-01-28 10:54:17'),
(517, '', 2, 1, 463, 110, 9000, 6480, '2012-01-27', 0, '2012-01-28 11:03:47'),
(518, '', 2, 1, 464, 24, 7800, 4212, '2012-01-27', 0, '2012-01-28 11:05:34'),
(519, '', 2, 2, 464, 99, 6000, 3900, '2012-01-27', 0, '2012-01-28 11:07:34'),
(521, '', 2, 1, 266, 15, 8200, 5576, '2012-01-27', 0, '2012-01-28 11:09:08'),
(522, '', 2, 2, 466, 17, 5800, 4002, '2012-01-27', 0, '2012-01-28 11:10:43'),
(523, '', 3, 1, 466, 20, 7400, 7622, '2012-01-27', 0, '2012-01-28 11:11:20'),
(524, '', 4, 1, 171, 17, 6700, 8911, '2012-01-27', 0, '2012-01-28 11:12:05'),
(525, '', 3, 2, 352, 82, 4500, 3915, '2012-01-27', 0, '2012-01-28 11:13:09'),
(526, '', 2, 2, 467, 24, 5800, 4118, '2012-01-27', 0, '2012-01-28 11:13:23'),
(527, '', 1, 1, 335, 15, 9200, 3588, '2012-01-27', 0, '2012-01-28 11:13:38'),
(528, '', 3, 2, 335, 92, 6000, 6360, '2012-01-27', 0, '2012-01-28 11:14:01'),
(529, '', 3, 2, 468, 17, 6100, 6283, '2012-01-27', 0, '2012-01-28 11:15:08'),
(530, '', 1, 1, 469, 15, 9500, 3230, '2012-01-27', 0, '2012-01-28 11:15:14'),
(531, '', 3, 1, 470, 102, 7900, 6083, '2012-01-27', 0, '2012-01-28 11:16:35'),
(532, '', 1, 2, 470, 85, 5800, 1856, '2012-01-27', 0, '2012-01-28 11:16:59'),
(533, '', 3, 1, 471, 65, 8000, 7520, '2012-01-27', 0, '2012-01-28 11:18:11'),
(534, '', 4, 2, 471, 20, 6000, 5640, '2012-01-27', 0, '2012-01-28 11:18:48'),
(535, '', 5, 1, 279, 91, 7500, 11625, '2012-01-27', 0, '2012-01-28 11:19:26'),
(536, '', 4, 1, 472, 24, 7400, 10360, '2012-01-27', 0, '2012-01-28 11:19:43'),
(537, '', 3, 2, 279, 85, 5150, 4687, '2012-01-27', 0, '2012-01-28 11:20:14'),
(539, '', 5, 2, 197, 17, 5100, 8721, '2012-01-27', 0, '2012-01-28 11:22:36'),
(540, '', 3, 1, 197, 22, 7500, 7725, '2012-01-27', 0, '2012-01-28 11:23:03'),
(541, '', 2, 1, 193, 15, 7800, 4680, '2012-01-27', 0, '2012-01-28 11:23:38'),
(542, '', 2, 2, 193, 92, 5800, 3596, '2012-01-27', 0, '2012-01-28 11:24:21'),
(543, '', 3, 2, 472, 111, 5800, 6032, '2012-01-27', 0, '2012-01-28 11:24:28'),
(544, '', 3, 2, 131, 26, 5850, 6201, '2012-01-27', 0, '2012-01-28 11:26:09'),
(545, '', 2, 1, 473, 107, 8500, 5610, '2012-01-27', 0, '2012-01-28 11:26:29'),
(546, '', 3, 2, 131, 20, 6000, 6180, '2012-01-27', 0, '2012-01-28 11:26:41'),
(547, '', 4, 2, 473, 25, 5500, 7040, '2012-01-27', 0, '2012-01-28 11:27:21'),
(548, '', 2, 1, 474, 65, 8200, 5822, '2012-01-27', 0, '2012-01-28 11:27:46'),
(549, '', 2, 2, 474, 20, 6000, 4260, '2012-01-27', 0, '2012-01-28 11:28:21'),
(550, '', 2, 2, 155, 17, 6200, 4154, '2012-01-27', 0, '2012-01-28 11:29:00'),
(551, '', 2, 1, 475, 15, 9300, 6510, '2012-01-27', 0, '2012-01-28 11:29:04'),
(552, '', 3, 1, 155, 15, 9200, 9660, '2012-01-27', 0, '2012-01-28 11:29:39'),
(553, '', 2, 2, 475, 50, 5700, 3135, '2012-01-27', 0, '2012-01-28 11:29:57'),
(554, '', 5, 1, 476, 23, 7800, 13728, '2012-01-27', 0, '2012-01-28 11:30:39'),
(556, '', 2, 1, 273, 107, 8500, 6120, '2012-01-27', 0, '2012-01-28 11:32:09'),
(557, '', 2, 2, 478, 25, 5700, 3762, '2012-01-27', 0, '2012-01-28 11:33:15'),
(558, '', 5, 2, 477, 30, 6100, 9882, '2012-01-27', 0, '2012-01-28 11:33:38'),
(559, '', 3, 1, 477, 50, 8100, 9477, '2012-01-27', 0, '2012-01-28 11:34:05'),
(560, '', 1, 1, 478, 107, 8500, 3570, '2012-01-27', 0, '2012-01-28 11:34:12'),
(562, '', 2, 1, 480, 107, 8300, 5727, '2012-01-27', 0, '2012-01-28 11:35:52'),
(563, '', 3, 2, 479, 24, 5800, 5974, '2012-01-27', 0, '2012-01-28 11:35:54'),
(564, '', 2, 1, 148, 24, 7000, 5040, '2012-01-27', 0, '2012-01-28 11:36:34'),
(565, '', 1, 2, 480, 15, 5300, 1961, '2012-01-27', 0, '2012-01-28 11:36:34'),
(566, '', 3, 2, 56, 99, 5900, 5546, '2012-01-27', 0, '2012-01-28 11:37:01'),
(567, '', 3, 2, 148, 105, 5500, 5610, '2012-01-27', 0, '2012-01-28 11:38:33'),
(568, '', 2, 1, 481, 15, 8200, 5576, '2012-01-27', 0, '2012-01-28 11:38:56'),
(569, '', 3, 2, 148, 17, 6000, 6000, '2012-01-27', 0, '2012-01-28 11:39:02'),
(570, '', 3, 1, 148, 26, 7600, 8284, '2012-01-27', 0, '2012-01-28 11:39:27'),
(571, '', 2, 2, 481, 24, 5700, 4503, '2012-01-27', 0, '2012-01-28 11:39:44'),
(573, '', 4, 2, 146, 26, 5800, 8004, '2012-01-27', 0, '2012-01-28 11:41:41'),
(575, '', 3, 1, 117, 107, 8500, 8755, '2012-01-27', 0, '2012-01-28 11:43:22'),
(576, '', 4, 2, 117, 25, 5500, 7645, '2012-01-27', 0, '2012-01-28 11:44:12'),
(577, '', 5, 2, 483, 104, 6600, 11154, '2012-01-27', 0, '2012-01-28 11:45:55'),
(578, '', 1, 1, 483, 107, 8500, 2635, '2012-01-27', 0, '2012-01-28 11:46:44'),
(579, '', 3, 1, 484, 15, 9500, 9880, '2012-01-27', 0, '2012-01-28 11:48:43'),
(581, '', 1, 2, 484, 104, 5000, 1750, '2012-01-27', 0, '2012-01-28 11:49:29'),
(582, '', 7, 2, 49, 18, 5700, 12768, '2012-01-27', 0, '2012-01-28 11:50:20'),
(583, '', 1, 2, 485, 24, 4100, 1271, '2012-01-27', 0, '2012-01-28 11:50:51'),
(584, '', 6, 1, 49, 83, 8300, 15936, '2012-01-27', 0, '2012-01-28 11:51:13'),
(585, '', 1, 1, 485, 24, 7300, 2482, '2012-01-27', 0, '2012-01-28 11:51:40'),
(586, '', 7, 1, 277, 19, 8600, 20726, '2012-01-27', 0, '2012-01-28 11:52:11'),
(587, '', 1, 2, 451, 17, 5900, 2124, '2012-01-27', 0, '2012-01-28 11:52:33'),
(588, '', 12, 2, 277, 92, 5500, 22000, '2012-01-27', 0, '2012-01-28 11:53:34'),
(589, '', 1, 1, 486, 107, 8500, 2975, '2012-01-27', 0, '2012-01-28 11:54:08'),
(590, '', 6, 2, 129, 15, 6200, 13144, '2012-01-27', 0, '2012-01-28 11:54:51'),
(591, '', 5, 1, 129, 20, 7600, 13604, '2012-01-27', 0, '2012-01-28 11:55:26'),
(592, '', 2, 1, 64, 65, 8600, 6192, '2012-01-27', 0, '2012-01-28 11:57:17'),
(593, '', 2, 2, 136, 22, 5500, 2970, '2012-01-27', 0, '2012-01-28 11:57:46'),
(594, '', 4, 1, 136, 109, 7800, 10998, '2012-01-27', 0, '2012-01-28 11:58:14'),
(595, '', 3, 2, 154, 15, 6100, 6283, '2012-01-27', 0, '2012-01-28 11:58:55'),
(596, '', 7, 2, 34, 104, 7000, 13720, '2012-01-27', 0, '2012-01-28 11:58:59'),
(597, '', 3, 1, 154, 20, 7700, 7931, '2012-01-27', 0, '2012-01-28 11:59:23'),
(598, '', 7, 1, 34, 107, 9000, 22860, '2012-01-27', 0, '2012-01-28 12:00:27'),
(599, '', 2, 1, 487, 107, 8200, 5248, '2012-01-27', 0, '2012-01-28 12:01:16'),
(600, '', 10, 2, 34, 109, 6500, 20800, '2012-01-27', 0, '2012-01-28 12:01:42'),
(601, '', 5, 2, 34, 15, 6300, 10458, '2012-01-27', 0, '2012-01-28 12:02:40'),
(603, '', 2, 1, 489, 23, 8500, 4675, '2012-01-27', 0, '2012-01-28 12:04:35'),
(604, '', 2, 2, 490, 15, 7000, 4970, '2012-01-27', 0, '2012-01-28 12:04:49'),
(605, '', 3, 1, 490, 15, 9500, 10355, '2012-01-27', 0, '2012-01-28 12:05:27'),
(608, '', 2, 2, 492, 17, 5400, 2970, '2012-01-27', 0, '2012-01-28 12:09:03'),
(609, '', 4, 1, 493, 19, 8600, 11524, '2012-01-27', 0, '2012-01-28 12:09:26'),
(610, '', 3, 1, 492, 109, 7800, 6630, '2012-01-27', 0, '2012-01-28 12:09:30'),
(611, '', 3, 2, 493, 18, 5500, 6160, '2012-01-27', 0, '2012-01-28 12:10:04'),
(612, '', 3, 2, 494, 104, 5800, 6032, '2012-01-27', 0, '2012-01-28 12:10:42'),
(613, '', 1, 1, 494, 15, 9600, 3264, '2012-01-27', 0, '2012-01-28 12:11:11'),
(615, '', 8, 1, 494, 107, 8000, 22080, '2012-01-27', 0, '2012-01-28 12:11:59'),
(616, '', 5, 2, 486, 20, 6500, 11310, '2012-01-27', 0, '2012-01-28 12:12:29'),
(617, '', 2, 1, 495, 107, 8500, 5185, '2012-01-27', 0, '2012-01-28 12:13:01'),
(618, '', 6, 1, 218, 23, 8000, 16320, '2012-01-27', 0, '2012-01-28 12:13:19'),
(619, '', 6, 2, 218, 20, 5600, 11480, '2012-01-27', 0, '2012-01-28 12:14:04'),
(620, '', 2, 2, 496, 87, 6000, 4080, '2012-01-27', 0, '2012-01-28 12:14:29'),
(621, '', 3, 1, 496, 87, 8800, 8800, '2012-01-27', 0, '2012-01-28 12:15:01'),
(622, '', 3, 1, 219, 23, 7900, 7979, '2012-01-27', 0, '2012-01-28 12:15:58'),
(624, '', 1, 2, 219, 22, 4800, 1152, '2012-01-27', 0, '2012-01-28 12:16:20'),
(626, '', 2, 1, 351, 98, 8800, 4752, '2012-01-27', 0, '2012-01-28 12:17:24'),
(627, '', 3, 2, 83, 92, 5500, 6545, '2012-01-27', 0, '2012-01-28 12:18:21'),
(628, '', 1, 2, 351, 17, 6200, 1860, '2012-01-27', 0, '2012-01-28 12:18:31'),
(629, '', 1, 2, 83, 82, 3500, 1330, '2012-01-27', 0, '2012-01-28 12:19:06'),
(630, '', 1, 1, 83, 109, 9000, 3060, '2012-01-27', 0, '2012-01-28 12:19:34'),
(631, '', 1, 2, 497, 88, 5500, 1815, '2012-01-27', 0, '2012-01-28 12:19:49'),
(632, '', 1, 2, 261, 83, 5700, 1995, '2012-01-27', 0, '2012-01-28 12:20:26'),
(633, '', 4, 2, 498, 83, 6400, 7488, '2012-01-27', 0, '2012-01-28 12:20:29'),
(634, '', 1, 2, 476, 28, 5600, 2128, '2012-01-27', 0, '2012-01-28 12:20:49'),
(635, '', 4, 1, 498, 87, 8600, 11008, '2012-01-27', 0, '2012-01-28 12:21:22'),
(636, '', 1, 1, 499, 109, 9400, 3666, '2012-01-27', 0, '2012-01-28 12:21:55'),
(637, '', 3, 2, 251, 50, 5900, 5782, '2012-01-27', 0, '2012-01-28 12:22:25'),
(638, '', 1, 1, 171, 35, 7600, 2356, '2012-01-27', 0, '2012-01-28 12:22:50'),
(639, '', 1, 2, 489, 15, 5800, 1044, '2012-01-27', 0, '2012-01-28 12:23:22'),
(640, '', 1, 1, 460, 24, 8500, 2720, '2012-01-27', 0, '2012-01-28 12:23:42'),
(641, '', 1, 2, 261, 109, 6100, 2074, '2012-01-27', 0, '2012-01-28 12:24:21'),
(642, '', 10, 2, 45, 25, 6000, 21120, '2012-01-27', 0, '2012-01-28 12:26:40'),
(643, '', 5, 1, 45, 15, 8400, 13440, '2012-01-27', 0, '2012-01-28 12:27:14'),
(644, '', 5, 1, 467, 30, 8000, 13680, '2012-01-27', 0, '2012-01-28 12:28:13'),
(645, '', 3, 1, 501, 111, 8000, 8160, '2012-01-27', 0, '2012-01-28 12:29:12'),
(646, '', 1, 1, 500, 15, 8500, 2805, '2012-01-27', 0, '2012-01-28 12:29:30'),
(647, '', 3, 1, 53, 109, 8600, 8944, '2012-01-27', 0, '2012-01-28 12:29:46'),
(648, '', 3, 2, 500, 92, 5500, 5225, '2012-01-27', 0, '2012-01-28 12:30:12'),
(649, '', 4, 2, 53, 25, 6400, 8896, '2012-01-27', 0, '2012-01-28 12:30:17'),
(650, '', 1, 1, 53, 107, 8800, 1496, '2012-01-27', 0, '2012-01-28 12:31:13'),
(651, '', 3, 2, 502, 83, 6000, 4860, '2012-01-27', 0, '2012-01-28 12:31:43'),
(652, '', 3, 1, 324, 25, 8600, 8858, '2012-01-27', 0, '2012-01-28 12:32:05'),
(653, '', 3, 1, 502, 107, 8500, 7395, '2012-01-27', 0, '2012-01-28 12:32:13'),
(654, '', 3, 2, 324, 92, 6800, 7004, '2012-01-27', 0, '2012-01-28 12:33:02'),
(655, '', 6, 2, 503, 24, 5600, 10192, '2012-01-27', 0, '2012-01-28 12:34:00'),
(656, '', 4, 2, 130, 111, 6000, 8160, '2012-01-27', 0, '2012-01-28 12:34:01'),
(657, '', 3, 1, 503, 15, 8000, 8480, '2012-01-27', 0, '2012-01-28 12:34:30'),
(658, '', 3, 1, 130, 27, 8300, 8549, '2012-01-27', 0, '2012-01-28 12:34:43'),
(660, '', 3, 1, 130, 65, 8500, 8500, '2012-01-27', 0, '2012-01-28 12:36:04'),
(662, '', 1, 2, 130, 111, 5400, 1782, '2012-01-27', 0, '2012-01-28 12:36:36'),
(663, '', 9, 2, 52, 15, 6000, 13200, '2012-01-27', 0, '2012-01-28 12:37:07'),
(664, '', 2, 1, 282, 109, 8600, 6450, '2012-01-27', 0, '2012-01-28 12:37:34'),
(666, '', 6, 2, 504, 28, 5800, 11368, '2012-01-27', 0, '2012-01-28 12:39:43'),
(667, '', 4, 2, 505, 24, 6000, 7440, '2012-01-27', 0, '2012-01-28 12:40:55'),
(668, '', 2, 2, 282, 112, 5800, 4466, '2012-01-27', 0, '2012-01-28 12:41:11'),
(669, '', 3, 1, 307, 107, 8200, 8938, '2012-01-27', 0, '2012-01-28 12:41:29'),
(670, '', 6, 2, 506, 65, 5400, 11448, '2012-01-27', 0, '2012-01-28 12:41:56'),
(671, '', 3, 2, 307, 87, 6200, 6696, '2012-01-27', 0, '2012-01-28 12:42:01'),
(672, '', 4, 1, 506, 112, 8600, 12126, '2012-01-27', 0, '2012-01-28 12:42:28'),
(673, '', 6, 2, 337, 83, 6000, 9060, '2012-01-27', 0, '2012-01-28 12:42:33'),
(674, '', 1, 1, 337, 109, 9000, 2430, '2012-01-27', 0, '2012-01-28 12:43:01'),
(675, '', 2, 1, 284, 18, 8600, 6278, '2012-01-27', 0, '2012-01-28 12:43:19'),
(676, '', 4, 2, 284, 50, 5600, 8232, '2012-01-27', 0, '2012-01-28 12:44:03'),
(677, '', 3, 2, 251, 19, 5500, 5555, '2012-01-27', 0, '2012-01-28 12:44:42'),
(678, '', 8, 2, 507, 24, 5600, 14896, '2012-01-27', 0, '2012-01-28 12:44:58'),
(679, '', 2, 1, 251, 112, 8500, 5610, '2012-01-27', 0, '2012-01-28 12:45:11'),
(680, '', 3, 1, 48, 109, 8800, 8272, '2012-01-27', 0, '2012-01-28 12:46:14'),
(681, '', 8, 1, 507, 15, 5800, 16124, '2012-01-27', 0, '2012-01-28 12:46:22'),
(682, '', 6, 2, 48, 111, 6000, 11280, '2012-01-27', 0, '2012-01-28 12:47:12'),
(683, '', 3, 2, 508, 83, 5600, 5488, '2012-01-27', 0, '2012-01-28 12:47:40'),
(684, '', 2, 1, 508, 65, 7000, 4550, '2012-01-27', 0, '2012-01-28 12:48:09'),
(685, '', 2, 1, 510, 112, 8600, 5934, '2012-01-27', 0, '2012-01-28 12:49:19'),
(686, '', 2, 1, 509, 107, 7500, 5100, '2012-01-27', 0, '2012-01-28 12:49:19'),
(687, '', 2, 2, 509, 82, 5000, 2850, '2012-01-27', 0, '2012-01-28 12:49:45'),
(688, '', 2, 2, 510, 92, 5800, 3596, '2012-01-27', 0, '2012-01-28 12:49:54'),
(689, '', 3, 1, 121, 109, 8800, 8976, '2012-01-27', 0, '2012-01-28 12:50:38'),
(690, '', 3, 2, 121, 87, 6500, 5720, '2012-01-27', 0, '2012-01-28 12:51:21'),
(691, '', 4, 2, 511, 109, 5500, 8085, '2012-01-27', 0, '2012-01-28 12:52:47');
REPLACE INTO `lots` (`lot_id`, `serial`, `lot_number`, `quality`, `farmer_id`, `buyer_id`, `cost`, `total_cost`, `date`, `pending`, `time`) VALUES
(692, '', 8, 2, 132, 24, 5700, 16701, '2012-01-27', 0, '2012-01-28 12:53:09'),
(693, '', 2, 2, 511, 83, 6000, 4260, '2012-01-27', 0, '2012-01-28 12:53:11'),
(694, '', 2, 1, 132, 15, 9500, 7125, '2012-01-27', 0, '2012-01-28 12:53:38'),
(695, '', 2, 1, 511, 111, 8000, 6960, '2012-01-27', 0, '2012-01-28 12:53:39'),
(696, '', 1, 1, 132, 107, 7800, 2652, '2012-01-27', 0, '2012-01-28 12:54:01'),
(697, '', 1, 1, 512, 107, 7800, 3276, '2012-01-27', 0, '2012-01-28 12:55:47'),
(698, '', 2, 2, 513, 104, 6200, 3596, '2012-01-27', 0, '2012-01-28 12:55:48'),
(699, '', 1, 2, 512, 83, 5500, 1430, '2012-01-27', 0, '2012-01-28 12:56:13'),
(700, '', 3, 1, 513, 18, 8700, 9048, '2012-01-27', 0, '2012-01-28 12:56:30'),
(701, '', 3, 1, 514, 15, 8400, 7812, '2012-01-27', 0, '2012-01-28 12:57:01'),
(702, '', 2, 1, 183, 19, 8100, 7533, '2012-01-27', 0, '2012-01-28 12:57:02'),
(703, '', 1, 2, 514, 15, 6000, 2040, '2012-01-27', 0, '2012-01-28 12:57:24'),
(704, '', 3, 2, 183, 109, 6200, 6324, '2012-01-27', 0, '2012-01-28 12:57:41'),
(705, '', 2, 1, 112, 87, 8500, 5780, '2012-01-27', 0, '2012-01-28 12:59:13'),
(707, '', 2, 1, 112, 15, 9100, 7735, '2012-01-27', 0, '2012-01-28 13:01:13'),
(708, '', 3, 2, 112, 15, 7000, 6160, '2012-01-27', 0, '2012-01-28 13:01:50'),
(709, '', 5, 2, 516, 92, 6000, 10020, '2012-01-27', 0, '2012-01-28 13:02:56'),
(710, '', 3, 1, 515, 15, 7900, 8374, '2012-01-27', 0, '2012-01-28 13:05:27'),
(711, '', 1, 1, 516, 18, 8500, 2720, '2012-01-27', 0, '2012-01-28 13:05:42'),
(712, '', 1, 2, 515, 15, 5400, 1890, '2012-01-27', 0, '2012-01-28 13:06:02'),
(713, '', 6, 2, 517, 18, 6300, 13104, '2012-01-27', 0, '2012-01-28 13:06:37'),
(714, '', 2, 1, 517, 107, 8800, 6160, '2012-01-27', 0, '2012-01-28 13:07:12'),
(715, '', 3, 2, 334, 24, 5900, 5310, '2012-01-27', 0, '2012-01-28 13:08:18'),
(716, '', 1, 2, 518, 104, 7000, 1750, '2012-01-27', 0, '2012-01-28 13:08:22'),
(717, '', 1, 1, 518, 109, 9000, 3150, '2012-01-27', 0, '2012-01-28 13:08:50'),
(718, '', 5, 1, 334, 15, 8000, 13920, '2012-01-27', 0, '2012-01-28 13:08:53'),
(719, '', 1, 1, 519, 109, 9500, 3325, '2012-01-27', 0, '2012-01-28 13:09:39'),
(720, '', 4, 1, 271, 88, 11000, 16500, '2012-01-27', 0, '2012-01-28 13:10:27'),
(722, '', 5, 1, 271, 15, 11000, 20350, '2012-01-27', 0, '2012-01-28 13:11:00'),
(723, '', 1, 1, 520, 109, 10000, 2600, '2012-01-27', 0, '2012-01-28 13:11:23'),
(724, '', 5, 6, 271, 50, 5800, 10440, '2012-01-27', 0, '2012-01-28 13:11:40'),
(725, '', 3, 2, 521, 92, 6000, 6240, '2012-01-27', 0, '2012-01-28 13:12:14'),
(726, '', 4, 1, 265, 15, 8400, 12012, '2012-01-27', 0, '2012-01-28 13:12:35'),
(727, '', 1, 1, 265, 107, 8100, 2754, '2012-01-27', 0, '2012-01-28 13:13:05'),
(728, '', 2, 1, 521, 107, 8400, 4872, '2012-01-27', 0, '2012-01-28 13:13:06'),
(729, '', 2, 1, 101, 15, 9300, 5952, '2012-01-27', 0, '2012-01-28 13:14:11'),
(730, '', 13, 2, 101, 109, 5000, 23100, '2012-01-27', 0, '2012-01-28 13:15:45'),
(731, '', 6, 2, 101, 19, 5600, 9744, '2012-01-27', 0, '2012-01-28 13:16:17'),
(732, '', 6, 2, 522, 19, 5400, 8478, '2012-01-27', 0, '2012-01-28 13:17:21'),
(733, '', 1, 1, 522, 107, 9000, 2700, '2012-01-27', 0, '2012-01-28 13:17:47'),
(734, '', 2, 1, 104, 65, 8400, 6972, '2012-01-27', 0, '2012-01-28 13:18:58'),
(735, '', 3, 2, 104, 50, 5800, 5220, '2012-01-27', 0, '2012-01-28 13:20:08'),
(736, '', 2, 1, 101, 107, 8500, 5525, '2012-01-27', 0, '2012-01-28 13:20:57'),
(737, '', 2, 1, 523, 15, 8850, 6107, '2012-01-27', 0, '2012-01-28 13:22:17'),
(738, '', 2, 2, 523, 25, 6500, 4615, '2012-01-27', 0, '2012-01-28 13:22:53'),
(739, '', 3, 1, 524, 109, 9000, 9450, '2012-01-27', 0, '2012-01-28 13:24:38'),
(740, '', 1, 2, 524, 15, 6300, 2268, '2012-01-27', 0, '2012-01-28 13:25:26'),
(741, '', 5, 2, 525, 15, 6400, 9600, '2012-01-27', 0, '2012-01-28 13:26:42'),
(742, '', 3, 1, 525, 107, 9000, 9000, '2012-01-27', 0, '2012-01-28 13:27:21'),
(743, '', 1, 2, 525, 21, 6500, 1885, '2012-01-27', 0, '2012-01-28 13:27:53'),
(744, '', 1, 1, 525, 107, 9000, 2250, '2012-01-27', 0, '2012-01-28 13:28:17'),
(745, '', 5, 1, 217, 15, 8600, 14534, '2012-01-27', 0, '2012-01-28 13:28:55'),
(746, '', 4, 2, 217, 15, 6500, 8645, '2012-01-27', 0, '2012-01-28 13:30:03'),
(747, '', 2, 1, 526, 109, 10000, 6900, '2012-01-27', 0, '2012-01-28 13:33:13'),
(748, '', 1, 2, 526, 92, 6500, 2405, '2012-01-27', 0, '2012-01-28 13:33:45'),
(749, '', 1, 1, 526, 109, 8100, 2835, '2012-01-27', 0, '2012-01-28 13:35:58'),
(750, '', 2, 1, 55, 107, 8700, 6264, '2012-01-27', 0, '2012-01-28 13:37:23'),
(751, '', 8, 2, 55, 15, 6100, 16470, '2012-01-27', 0, '2012-01-28 13:38:13'),
(752, '', 3, 1, 321, 107, 8300, 8964, '2012-01-27', 0, '2012-01-28 13:39:51'),
(753, '', 2, 2, 321, 108, 6000, 4140, '2012-01-27', 0, '2012-01-28 13:40:29'),
(754, '', 3, 2, 274, 21, 5800, 5220, '2012-01-27', 0, '2012-01-28 13:42:51'),
(755, '', 2, 1, 274, 107, 8300, 6225, '2012-01-27', 0, '2012-01-28 13:43:29'),
(756, '', 6, 2, 527, 26, 5400, 9612, '2012-01-27', 0, '2012-01-28 13:44:59'),
(757, '', 4, 1, 527, 109, 8100, 10449, '2012-01-27', 0, '2012-01-28 13:45:46'),
(758, '', 4, 1, 528, 87, 8300, 12035, '2012-01-27', 0, '2012-01-28 13:47:03'),
(759, '', 2, 2, 528, 83, 5800, 3770, '2012-01-27', 0, '2012-01-28 13:47:35'),
(760, '', 3, 2, 529, 24, 5600, 5824, '2012-01-27', 0, '2012-01-28 13:49:03'),
(761, '', 3, 2, 529, 24, 7800, 8268, '2012-01-27', 0, '2012-01-28 13:49:56'),
(762, '', 1, 1, 374, 102, 7500, 2625, '2012-01-27', 0, '2012-01-28 13:51:24'),
(763, '', 1, 1, 530, 100, 8700, 3393, '2012-01-27', 0, '2012-01-28 13:53:42'),
(764, '', 2, 1, 350, 28, 8000, 3920, '2012-01-27', 0, '2012-01-28 13:55:40'),
(765, '', 2, 2, 350, 104, 6000, 2820, '2012-01-27', 0, '2012-01-28 13:56:21'),
(766, '', 2, 2, 531, 17, 6200, 3410, '2012-01-27', 0, '2012-01-28 13:57:27'),
(767, '', 2, 1, 531, 30, 7800, 4758, '2012-01-27', 0, '2012-01-28 13:58:46'),
(768, '', 1, 1, 532, 98, 8000, 2640, '2012-01-27', 0, '2012-01-28 13:59:46'),
(769, '', 2, 2, 533, 104, 6000, 3060, '2012-01-27', 0, '2012-01-28 14:01:06'),
(770, '', 1, 1, 378, 100, 8000, 2320, '2012-01-27', 0, '2012-01-28 14:02:59'),
(771, '', 1, 2, 411, 85, 5900, 1534, '2012-01-27', 0, '2012-01-28 14:04:25'),
(774, '', 2, 2, 535, 20, 6000, 3060, '2012-01-27', 0, '2012-01-28 14:09:06'),
(775, '', 1, 1, 535, 98, 7700, 2156, '2012-01-27', 0, '2012-01-28 14:09:38'),
(776, '', 1, 1, 338, 109, 9000, 3240, '2012-01-27', 0, '2012-01-28 14:10:26'),
(777, '', 1, 1, 536, 65, 8200, 2788, '2012-01-27', 0, '2012-01-28 14:11:20'),
(778, '', 2, 1, 537, 15, 8200, 5658, '2012-01-27', 0, '2012-01-28 15:47:22'),
(779, '', 2, 2, 538, 15, 6200, 3968, '2012-01-27', 0, '2012-01-28 15:48:41'),
(780, '', 3, 2, 354, 85, 6000, 5940, '2012-01-27', 0, '2012-01-29 04:17:32'),
(781, '', 14, 2, 354, 82, 6000, 27720, '2012-01-27', 0, '2012-01-29 04:18:36'),
(783, '', 2, 1, 408, 22, 7200, 4968, '2012-01-27', 0, '2012-01-30 04:29:27'),
(785, '', 2, 1, 327, 98, 7500, 5100, '2012-01-27', 0, '2012-01-30 07:55:52'),
(786, '', 2, 2, 327, 98, 5000, 2850, '2012-01-27', 0, '2012-01-30 07:56:35'),
(787, '', 1, 2, 491, 111, 5600, 1960, '2012-01-27', 0, '2012-01-30 08:09:40'),
(789, '', 2, 1, 491, 111, 7800, 5382, '2012-01-27', 0, '2012-01-30 08:18:49'),
(790, '', 5, 1, 52, 107, 8300, 12533, '2012-01-27', 0, '2012-01-30 08:26:19'),
(791, '', 1, 2, 112, 87, 6500, 1885, '2012-01-27', 0, '2012-01-30 08:31:57'),
(792, '', 1, 2, 112, 99, 6500, 2145, '2012-01-27', 0, '2012-01-30 08:32:25'),
(793, '', 2, 2, 265, 99, 6000, 4140, '2012-01-27', 0, '2012-01-30 09:04:55'),
(794, '', 3, 1, 456, 22, 8000, 8160, '2012-01-27', 0, '2012-01-30 10:22:22'),
(795, '', 6, 2, 456, 15, 5000, 9700, '2012-01-27', 0, '2012-01-30 10:22:53'),
(796, '', 3, 1, 539, 22, 8000, 8160, '2012-01-27', 0, '2012-01-30 10:25:11'),
(797, '', 6, 2, 539, 15, 5000, 9800, '2012-01-27', 0, '2012-01-30 10:25:42'),
(798, '', 2, 2, 273, 25, 5800, 3712, '2012-01-27', 0, '2012-01-30 10:33:02'),
(799, '', 2, 2, 540, 108, 5800, 4002, '2012-01-27', 0, '2012-01-30 10:46:40'),
(800, '', 2, 1, 540, 107, 8500, 5185, '2012-01-27', 0, '2012-01-30 10:47:35'),
(801, '', 4, 2, 520, 21, 6500, 7410, '2012-01-27', 0, '2012-01-30 11:04:12'),
(802, '', 3, 2, 501, 108, 5200, 4108, '2012-01-27', 0, '2012-01-30 11:08:31'),
(803, '', 1, 2, 448, 108, 5700, 2166, '2012-01-27', 0, '2012-01-30 11:20:01'),
(804, '', 7, 2, 541, 92, 5800, 13456, '2012-01-27', 0, '2012-01-30 11:25:26'),
(805, '', 3, 1, 541, 65, 8400, 8820, '2012-01-27', 0, '2012-01-30 11:32:44'),
(806, '', 4, 1, 497, 15, 7600, 10488, '2012-01-27', 0, '2012-01-30 11:44:32'),
(807, '', 3, 2, 542, 87, 6000, 5820, '2012-01-27', 0, '2012-01-30 12:06:02'),
(808, '', 2, 1, 542, 107, 8500, 6035, '2012-01-27', 0, '2012-01-30 12:06:36'),
(809, '', 5, 1, 543, 98, 7800, 13182, '2012-01-27', 0, '2012-01-30 12:48:20'),
(810, '', 3, 2, 543, 85, 5500, 6050, '2012-01-27', 0, '2012-01-30 12:48:41'),
(811, '', 2, 2, 530, 17, 6000, 4200, '2012-01-27', 0, '2012-01-30 13:00:30'),
(812, '', 3, 1, 479, 107, 8100, 8100, '2012-01-27', 0, '2012-01-30 13:27:21'),
(813, '', 2, 1, 544, 83, 7500, 4950, '2012-01-27', 0, '2012-01-30 14:04:23'),
(814, '', 3, 2, 544, 85, 6000, 4920, '2012-01-27', 0, '2012-01-30 14:04:50'),
(818, '', 2, 2, 423, 27, 5600, 3248, '2012-01-27', 0, '2012-01-31 05:31:50'),
(819, '', 2, 2, 433, 104, 6000, 2820, '2012-01-27', 0, '2012-01-31 05:39:49'),
(820, '', 3, 1, 344, 107, 8500, 8755, '2012-01-27', 0, '2012-01-31 06:44:23'),
(821, '', 1, 2, 455, 108, 5800, 1914, '2012-01-27', 0, '2012-01-31 08:15:20'),
(822, '', 1, 1, 534, 15, 8300, 2241, '2012-01-27', 0, '2012-01-31 08:26:21'),
(823, '', 2, 1, 534, 26, 7000, 4690, '2012-01-27', 0, '2012-01-31 08:26:53'),
(824, '', 1, 2, 534, 108, 5700, 1938, '2012-01-27', 0, '2012-01-31 08:27:18'),
(825, '', 2, 2, 465, 108, 5900, 3953, '2012-01-27', 0, '2012-01-31 08:32:44'),
(826, '', 2, 1, 355, 30, 7900, 5767, '2012-01-27', 0, '2012-01-31 09:37:44'),
(828, '', 1, 1, 545, 107, 7900, 2844, '2012-01-27', 0, '2012-01-31 09:42:43'),
(829, '', 1, 1, 129, 17, 8500, 2975, '2012-01-27', 0, '2012-01-31 10:00:11'),
(830, '', 4, 1, 212, 102, 7750, 10540, '2012-01-27', 0, '2012-01-31 10:19:52'),
(831, '', 2, 1, 437, 106, 8000, 5120, '2012-01-27', 0, '2012-01-31 10:29:22'),
(832, '', 2, 2, 546, 91, 5600, 3864, '2012-01-27', 0, '2012-01-31 11:15:13'),
(833, '', 1, 1, 546, 98, 7700, 2772, '2012-01-27', 0, '2012-01-31 11:15:47'),
(834, '', 3, 1, 146, 50, 8000, 7600, '2012-01-27', 0, '2012-01-31 12:10:49'),
(835, '', 2, 2, 214, 106, 5900, 2714, '2012-01-27', 0, '2012-01-31 12:48:47'),
(836, '', 3, 1, 547, 107, 7900, 7821, '2012-01-27', 0, '2012-01-31 12:51:47'),
(837, '', 2, 1, 397, 107, 8000, 5600, '2012-01-27', 0, '2012-02-01 06:18:22'),
(838, '', 1, 1, 548, 109, 10000, 3300, '2012-01-27', 0, '2012-02-01 07:26:52'),
(839, '', 6, 1, 59, 99, 8000, 16720, '2012-01-27', 0, '2012-02-01 10:03:38'),
(840, '', 1, 2, 549, 108, 5600, 1904, '2012-01-27', 0, '2012-02-01 11:13:25');

-- --------------------------------------------------------

--
-- Table structure for table `quality`
--

CREATE TABLE IF NOT EXISTS `quality` (
  `id` int(11) NOT NULL AUTO_INCREMENT,
  `quality` varchar(100) NOT NULL,
  PRIMARY KEY (`id`)
) ENGINE=InnoDB  DEFAULT CHARSET=latin1 AUTO_INCREMENT=8 ;

--
-- Dumping data for table `quality`
--

REPLACE INTO `quality` (`id`, `quality`) VALUES
(1, 'K'),
(2, 'F'),
(3, 'C'),
(4, 'B'),
(5, 'Mandi'),
(6, 'same k'),
(7, 'same f');

-- --------------------------------------------------------

--
-- Table structure for table `settings`
--

CREATE TABLE IF NOT EXISTS `settings` (
  `multiple_buyers` tinyint(1) NOT NULL,
  `serial_numbers` tinyint(1) NOT NULL,
  `day_book` tinyint(1) NOT NULL
) ENGINE=MyISAM DEFAULT CHARSET=latin1;

--
-- Dumping data for table `settings`
--

REPLACE INTO `settings` (`multiple_buyers`, `serial_numbers`, `day_book`) VALUES
(0, 0, 0);

-- --------------------------------------------------------

--
-- Table structure for table `villages`
--

CREATE TABLE IF NOT EXISTS `villages` (
  `id` bigint(20) NOT NULL AUTO_INCREMENT,
  `village` varchar(300) NOT NULL,
  PRIMARY KEY (`id`)
) ENGINE=InnoDB  DEFAULT CHARSET=latin1 AUTO_INCREMENT=91 ;

--
-- Dumping data for table `villages`
--

REPLACE INTO `villages` (`id`, `village`) VALUES
(16, 'shiridi'),
(17, 'chapiri'),
(18, 'kundurpi'),
(19, 'mahanthapuram'),
(20, 'tenagallu'),
(21, 'kalyandurg'),
(22, 'enumuladoddi'),
(23, 'bandameedapalli'),
(24, 'apilepalli'),
(25, 'nijavalli'),
(26, 'vitlampalli'),
(27, 'laksmampalli'),
(28, 'makodiki'),
(29, 'erraborepalli'),
(30, 'allapuram'),
(31, 'basapuram'),
(32, 'bochupalli'),
(33, 'thippireddypalli'),
(34, 'thippanapalli'),
(35, 'malainuru'),
(36, 'kadarampalli'),
(37, 'kenchampalli'),
(38, 'kodapuram'),
(39, 'setturu'),
(40, 'karidipalli'),
(41, 'kanukuru'),
(42, 'garudapuram'),
(43, 'yerrampalli'),
(44, 'kotthuru'),
(45, 'chinnipalli'),
(46, 'kambaduru'),
(47, 'nagalapuram'),
(48, 'neelampalli'),
(49, 'dalivepalli'),
(50, 'ynhkota'),
(51, 'beemunakunta'),
(52, 'jaledu'),
(53, 'yeellachinta'),
(54, 'bkhalli'),
(55, 'ayyagarlapalli'),
(56, 'rudrampalli'),
(57, 'dodagatta'),
(58, 'janampalli'),
(59, 'madalapalli'),
(60, 'chinnampalli'),
(61, 'mucharlapalli'),
(62, 'bobbarlapalli'),
(63, 'kairuvu'),
(64, 'beluguppa'),
(65, 'rayadurgam'),
(66, 'mkpalli'),
(67, 'kunahalli'),
(68, 'yragutta'),
(69, 'mallipalli'),
(70, 'bistharapalli'),
(71, 'kariganappalli'),
(72, 'idukallu'),
(73, 'pillalapalli'),
(74, 'mallapuram'),
(75, 'konapuram'),
(77, 'mailapalli'),
(78, 'gollapalli'),
(79, 'utavanka'),
(80, 'yatakallu'),
(81, 'kamakkapalli'),
(82, 'chirulopalli'),
(83, 'achmapalli'),
(84, 'bodhapalli'),
(85, 'sk puram'),
(86, 'obuganapalli'),
(87, 'donapalli'),
(88, 'anumpalli'),
(89, 'pullampalli'),
(90, 'ootavanka');

-- --------------------------------------------------------

--
-- Table structure for table `weights`
--

CREATE TABLE IF NOT EXISTS `weights` (
  `id` bigint(20) NOT NULL AUTO_INCREMENT,
  `lot_id` bigint(20) NOT NULL,
  `buyer_id` int(11) NOT NULL,
  `weight` int(11) NOT NULL,
  PRIMARY KEY (`id`)
) ENGINE=InnoDB  DEFAULT CHARSET=latin1 AUTO_INCREMENT=2531 ;

--
-- Dumping data for table `weights`
--

REPLACE INTO `weights` (`id`, `lot_id`, `buyer_id`, `weight`) VALUES
(1, 1, 0, 32),
(2, 1, 0, 33),
(3, 1, 0, 34),
(10, 2, 0, 30),
(11, 2, 0, 29),
(12, 2, 0, 32),
(13, 2, 0, 33),
(14, 2, 0, 31),
(15, 2, 0, 28),
(16, 3, 0, 29),
(17, 3, 0, 30),
(18, 4, 0, 27),
(19, 4, 0, 33),
(20, 5, 0, 33),
(21, 5, 0, 35),
(22, 6, 0, 34),
(23, 6, 0, 34),
(24, 6, 0, 31),
(25, 6, 0, 30),
(26, 6, 0, 26),
(27, 7, 0, 37),
(28, 7, 0, 34),
(29, 8, 0, 25),
(30, 8, 0, 34),
(31, 9, 0, 36),
(32, 9, 0, 36),
(33, 9, 0, 36),
(34, 9, 0, 36),
(35, 9, 0, 34),
(36, 10, 0, 10),
(37, 10, 0, 33),
(38, 10, 0, 29),
(39, 10, 0, 29),
(40, 11, 0, 30),
(41, 11, 0, 24),
(42, 12, 0, 39),
(43, 12, 0, 34),
(44, 13, 0, 35),
(45, 13, 0, 32),
(46, 14, 0, 35),
(47, 14, 0, 35),
(48, 14, 0, 35),
(49, 14, 0, 36),
(50, 14, 0, 34),
(56, 16, 0, 37),
(57, 16, 0, 33),
(58, 16, 0, 30),
(59, 16, 0, 37),
(60, 16, 0, 36),
(61, 16, 0, 37),
(62, 17, 0, 38),
(63, 17, 0, 36),
(64, 17, 0, 35),
(65, 18, 0, 37),
(66, 18, 0, 37),
(67, 18, 0, 36),
(68, 18, 0, 36),
(69, 18, 0, 35),
(70, 19, 0, 35),
(71, 19, 0, 35),
(72, 19, 0, 35),
(73, 19, 0, 33),
(74, 20, 0, 34),
(75, 20, 0, 35),
(76, 20, 0, 35),
(77, 21, 0, 27),
(78, 21, 0, 35),
(79, 21, 0, 34),
(80, 22, 0, 34),
(81, 22, 0, 32),
(82, 23, 0, 28),
(83, 23, 0, 30),
(84, 24, 0, 31),
(85, 24, 0, 30),
(86, 25, 0, 32),
(87, 25, 0, 30),
(88, 26, 0, 31),
(89, 26, 0, 37),
(90, 26, 0, 35),
(91, 27, 0, 38),
(92, 28, 0, 38),
(93, 28, 0, 37),
(94, 28, 0, 34),
(95, 29, 0, 31),
(96, 29, 0, 35),
(97, 29, 0, 33),
(98, 30, 0, 21),
(99, 30, 0, 35),
(100, 31, 0, 34),
(101, 32, 0, 35),
(102, 32, 0, 36),
(103, 32, 0, 36),
(104, 32, 0, 35),
(105, 32, 0, 37),
(106, 33, 0, 35),
(107, 33, 0, 35),
(108, 33, 0, 33),
(109, 34, 0, 38),
(110, 34, 0, 38),
(111, 34, 0, 37),
(112, 35, 0, 36),
(113, 35, 0, 35),
(114, 35, 0, 35),
(115, 36, 0, 36),
(116, 37, 0, 35),
(117, 37, 0, 30),
(118, 37, 0, 35),
(119, 37, 0, 35),
(120, 38, 0, 38),
(121, 38, 0, 34),
(122, 38, 0, 25),
(123, 39, 0, 34),
(124, 39, 0, 30),
(125, 40, 0, 35),
(126, 40, 0, 35),
(127, 41, 0, 36),
(128, 41, 0, 35),
(129, 41, 0, 35),
(130, 41, 0, 34),
(131, 42, 0, 41),
(132, 43, 0, 39),
(133, 43, 0, 39),
(137, 46, 0, 37),
(138, 46, 0, 36),
(139, 47, 0, 36),
(140, 47, 0, 34),
(141, 48, 0, 23),
(142, 48, 0, 37),
(143, 49, 0, 24),
(144, 50, 0, 32),
(145, 50, 0, 40),
(146, 51, 0, 41),
(147, 51, 0, 46),
(148, 52, 0, 45),
(149, 52, 0, 45),
(150, 52, 0, 34),
(151, 53, 0, 32),
(152, 54, 0, 23),
(153, 54, 0, 29),
(154, 55, 0, 36),
(155, 55, 0, 35),
(156, 56, 0, 34),
(157, 57, 0, 36),
(158, 58, 0, 30),
(159, 58, 0, 31),
(160, 58, 0, 35),
(161, 58, 0, 32),
(162, 58, 0, 32),
(163, 58, 0, 31),
(164, 59, 0, 34),
(165, 59, 0, 41),
(166, 60, 0, 34),
(167, 60, 0, 30),
(168, 60, 0, 30),
(169, 60, 0, 26),
(170, 60, 0, 32),
(171, 60, 0, 30),
(172, 61, 0, 32),
(173, 61, 0, 37),
(174, 61, 0, 29),
(175, 61, 0, 39),
(176, 61, 0, 35),
(177, 62, 0, 37),
(178, 62, 0, 34),
(179, 62, 0, 33),
(180, 63, 0, 29),
(181, 63, 0, 32),
(182, 63, 0, 28),
(183, 63, 0, 28),
(184, 63, 0, 24),
(185, 64, 0, 32),
(186, 64, 0, 35),
(187, 64, 0, 35),
(188, 65, 0, 34),
(189, 66, 0, 32),
(190, 66, 0, 36),
(191, 67, 0, 36),
(192, 68, 0, 32),
(193, 68, 0, 35),
(194, 69, 0, 32),
(195, 69, 0, 30),
(197, 70, 0, 29),
(198, 71, 0, 31),
(199, 72, 0, 37),
(200, 72, 0, 28),
(201, 73, 0, 35),
(202, 73, 0, 36),
(203, 73, 0, 34),
(204, 74, 0, 35),
(205, 74, 0, 35),
(206, 74, 0, 34),
(207, 75, 0, 34),
(208, 76, 0, 34),
(209, 76, 0, 35),
(210, 77, 0, 34),
(211, 78, 0, 22),
(212, 79, 0, 35),
(213, 79, 0, 34),
(214, 80, 0, 37),
(215, 81, 0, 42),
(216, 81, 0, 34),
(217, 82, 0, 38),
(218, 83, 0, 31),
(219, 83, 0, 34),
(220, 83, 0, 32),
(221, 84, 0, 34),
(222, 84, 0, 27),
(223, 85, 0, 28),
(224, 85, 0, 25),
(225, 85, 0, 25),
(226, 86, 0, 27),
(227, 86, 0, 30),
(228, 86, 0, 27),
(229, 86, 0, 30),
(230, 86, 0, 20),
(231, 87, 0, 29),
(232, 88, 0, 37),
(233, 88, 0, 46),
(234, 88, 0, 41),
(235, 88, 0, 46),
(236, 88, 0, 31),
(237, 89, 0, 34),
(238, 89, 0, 28),
(239, 89, 0, 33),
(240, 90, 0, 30),
(241, 91, 0, 22),
(242, 91, 0, 26),
(243, 91, 0, 26),
(244, 91, 0, 19),
(245, 92, 0, 29),
(246, 92, 0, 35),
(247, 92, 0, 35),
(248, 93, 0, 40),
(249, 93, 0, 45),
(250, 93, 0, 39),
(251, 93, 0, 31),
(252, 94, 0, 36),
(253, 94, 0, 35),
(254, 94, 0, 36),
(255, 95, 0, 32),
(256, 96, 0, 44),
(257, 97, 0, 29),
(258, 97, 0, 29),
(259, 97, 0, 30),
(260, 97, 0, 33),
(261, 97, 0, 36),
(262, 97, 0, 33),
(263, 97, 0, 36),
(264, 97, 0, 36),
(265, 97, 0, 36),
(266, 97, 0, 31),
(267, 98, 0, 40),
(268, 98, 0, 45),
(269, 98, 0, 46),
(270, 98, 0, 31),
(271, 98, 0, 40),
(272, 98, 0, 41),
(273, 98, 0, 41),
(274, 98, 0, 41),
(275, 99, 0, 33),
(276, 99, 0, 38),
(277, 99, 0, 41),
(278, 99, 0, 35),
(279, 100, 0, 32),
(280, 101, 0, 36),
(281, 102, 0, 35),
(282, 102, 0, 34),
(283, 103, 0, 33),
(287, 105, 0, 33),
(288, 105, 0, 33),
(289, 105, 0, 34),
(290, 105, 0, 33),
(291, 105, 0, 33),
(292, 105, 0, 31),
(293, 106, 0, 38),
(294, 106, 0, 34),
(295, 106, 0, 35),
(296, 106, 0, 33),
(297, 107, 0, 34),
(298, 107, 0, 32),
(299, 108, 0, 34),
(300, 108, 0, 36),
(301, 108, 0, 36),
(302, 108, 0, 36),
(303, 108, 0, 32),
(304, 109, 0, 33),
(305, 109, 0, 35),
(306, 110, 0, 35),
(307, 110, 0, 33),
(308, 111, 0, 36),
(309, 111, 0, 29),
(310, 111, 0, 32),
(311, 112, 0, 34),
(312, 113, 0, 34),
(313, 113, 0, 32),
(314, 113, 0, 34),
(315, 114, 0, 36),
(316, 114, 0, 36),
(317, 114, 0, 35),
(318, 114, 0, 33),
(319, 115, 0, 36),
(320, 115, 0, 35),
(321, 115, 0, 36),
(322, 115, 0, 32),
(323, 115, 0, 36),
(324, 115, 0, 35),
(325, 116, 0, 31),
(326, 116, 0, 30),
(327, 116, 0, 29),
(328, 116, 0, 32),
(329, 117, 0, 36),
(330, 118, 0, 36),
(331, 118, 0, 36),
(332, 119, 0, 30),
(333, 119, 0, 36),
(334, 120, 0, 27),
(335, 120, 0, 35),
(336, 121, 0, 34),
(337, 121, 0, 36),
(338, 121, 0, 36),
(339, 121, 0, 36),
(340, 122, 0, 32),
(341, 122, 0, 38),
(342, 123, 0, 30),
(343, 124, 0, 35),
(344, 125, 0, 37),
(345, 126, 0, 37),
(346, 127, 0, 26),
(347, 128, 0, 36),
(348, 128, 0, 35),
(349, 128, 0, 33),
(350, 128, 0, 32),
(351, 129, 0, 31),
(352, 129, 0, 30),
(353, 129, 0, 32),
(354, 129, 0, 29),
(355, 130, 0, 30),
(356, 130, 0, 30),
(357, 130, 0, 33),
(358, 131, 0, 34),
(359, 131, 0, 30),
(360, 132, 0, 34),
(361, 132, 0, 35),
(362, 133, 0, 35),
(363, 133, 0, 35),
(364, 133, 0, 33),
(365, 134, 0, 36),
(366, 134, 0, 33),
(367, 135, 0, 38),
(368, 135, 0, 36),
(369, 135, 0, 35),
(370, 135, 0, 37),
(371, 136, 0, 41),
(372, 136, 0, 35),
(373, 136, 0, 34),
(374, 137, 0, 33),
(375, 137, 0, 35),
(376, 137, 0, 45),
(377, 138, 0, 36),
(378, 138, 0, 34),
(379, 139, 0, 33),
(380, 140, 0, 36),
(381, 140, 0, 37),
(382, 140, 0, 37),
(383, 140, 0, 34),
(384, 141, 0, 34),
(385, 142, 0, 35),
(386, 142, 0, 35),
(387, 142, 0, 33),
(388, 143, 0, 28),
(389, 144, 0, 32),
(390, 144, 0, 43),
(391, 145, 0, 37),
(392, 146, 0, 33),
(393, 146, 0, 35),
(394, 146, 0, 35),
(395, 146, 0, 35),
(396, 147, 0, 31),
(397, 147, 0, 30),
(398, 147, 0, 30),
(399, 148, 0, 34),
(400, 148, 0, 31),
(401, 148, 0, 35),
(402, 148, 0, 32),
(403, 149, 0, 33),
(404, 149, 0, 33),
(405, 150, 0, 34),
(406, 150, 0, 32),
(411, 152, 0, 28),
(412, 152, 0, 28),
(413, 152, 0, 28),
(414, 152, 0, 27),
(415, 153, 0, 29),
(416, 153, 0, 26),
(417, 154, 0, 34),
(418, 155, 0, 30),
(419, 155, 0, 31),
(420, 155, 0, 36),
(421, 156, 0, 35),
(422, 156, 0, 35),
(423, 157, 0, 39),
(424, 158, 0, 15),
(425, 158, 0, 39),
(426, 159, 0, 19),
(427, 159, 0, 31),
(428, 159, 0, 40),
(429, 159, 0, 36),
(430, 160, 0, 36),
(431, 160, 0, 39),
(432, 160, 0, 38),
(433, 160, 0, 37),
(434, 161, 0, 29),
(435, 161, 0, 36),
(436, 162, 0, 17),
(437, 162, 0, 24),
(438, 163, 0, 37),
(439, 164, 0, 32),
(440, 165, 0, 34),
(441, 166, 0, 37),
(442, 166, 0, 33),
(443, 167, 0, 35),
(444, 167, 0, 33),
(445, 167, 0, 34),
(446, 167, 0, 31),
(447, 168, 0, 37),
(448, 168, 0, 35),
(449, 168, 0, 33),
(450, 169, 0, 39),
(451, 169, 0, 36),
(452, 170, 0, 35),
(453, 170, 0, 33),
(454, 171, 0, 49),
(455, 172, 0, 41),
(457, 174, 0, 33),
(458, 175, 0, 33),
(459, 176, 0, 42),
(460, 177, 0, 35),
(461, 177, 0, 35),
(462, 177, 0, 35),
(463, 177, 0, 27),
(464, 178, 0, 41),
(465, 178, 0, 24),
(466, 179, 0, 36),
(467, 179, 0, 33),
(468, 179, 0, 32),
(469, 180, 0, 36),
(470, 180, 0, 33),
(471, 180, 0, 30),
(472, 180, 0, 32),
(473, 180, 0, 27),
(474, 181, 0, 40),
(475, 181, 0, 16),
(476, 182, 0, 30),
(477, 182, 0, 37),
(478, 182, 0, 28),
(479, 183, 0, 32),
(480, 184, 0, 32),
(481, 185, 0, 35),
(482, 185, 0, 34),
(483, 186, 0, 36),
(484, 187, 0, 26),
(485, 187, 0, 35),
(486, 187, 0, 34),
(487, 188, 0, 34),
(488, 188, 0, 36),
(491, 190, 0, 36),
(492, 190, 0, 32),
(493, 191, 0, 35),
(494, 191, 0, 21),
(495, 192, 0, 38),
(496, 192, 0, 33),
(497, 192, 0, 41),
(498, 192, 0, 42),
(499, 192, 0, 36),
(500, 193, 0, 40),
(501, 193, 0, 31),
(502, 193, 0, 29),
(503, 194, 0, 27),
(504, 194, 0, 22),
(505, 195, 0, 35),
(506, 195, 0, 36),
(507, 195, 0, 34),
(508, 195, 0, 35),
(509, 195, 0, 35),
(510, 195, 0, 30),
(511, 195, 0, 34),
(512, 196, 0, 35),
(513, 196, 0, 35),
(514, 196, 0, 35),
(515, 196, 0, 33),
(516, 197, 0, 40),
(517, 198, 0, 33),
(518, 198, 0, 28),
(519, 199, 0, 32),
(520, 199, 0, 36),
(521, 199, 0, 30),
(522, 199, 0, 34),
(524, 201, 0, 33),
(525, 201, 0, 36),
(529, 203, 0, 36),
(530, 203, 0, 27),
(531, 204, 0, 29),
(532, 205, 0, 34),
(533, 205, 0, 26),
(534, 206, 0, 19),
(535, 206, 0, 35),
(536, 206, 0, 32),
(537, 206, 0, 34),
(538, 207, 0, 31),
(539, 208, 0, 34),
(540, 209, 0, 31),
(541, 209, 0, 30),
(542, 209, 0, 34),
(543, 210, 0, 28),
(544, 210, 0, 28),
(545, 210, 0, 29),
(546, 210, 0, 31),
(547, 210, 0, 28),
(548, 211, 0, 24),
(549, 211, 0, 20),
(550, 211, 0, 19),
(551, 212, 0, 16),
(552, 212, 0, 24),
(553, 213, 0, 21),
(554, 214, 0, 31),
(555, 214, 0, 26),
(556, 214, 0, 29),
(557, 214, 0, 25),
(558, 214, 0, 20),
(559, 214, 0, 30),
(560, 214, 0, 29),
(561, 215, 0, 34),
(562, 216, 0, 24),
(563, 216, 0, 34),
(564, 217, 0, 16),
(565, 218, 0, 42),
(566, 218, 0, 17),
(567, 219, 0, 33),
(568, 219, 0, 33),
(569, 219, 0, 33),
(570, 219, 0, 33),
(571, 219, 0, 24),
(572, 220, 0, 33),
(573, 220, 0, 33),
(574, 220, 0, 33),
(575, 220, 0, 33),
(576, 220, 0, 33),
(577, 220, 0, 33),
(578, 221, 0, 36),
(579, 221, 0, 36),
(580, 221, 0, 19),
(581, 222, 0, 35),
(582, 222, 0, 34),
(583, 223, 0, 32),
(584, 224, 0, 35),
(585, 224, 0, 36),
(586, 224, 0, 33),
(587, 224, 0, 36),
(588, 224, 0, 35),
(589, 224, 0, 35),
(590, 173, 0, 34),
(591, 15, 0, 33),
(592, 15, 0, 33),
(593, 15, 0, 33),
(594, 15, 0, 33),
(595, 15, 0, 26),
(596, 104, 0, 34),
(597, 104, 0, 34),
(598, 104, 0, 30),
(599, 225, 0, 32),
(600, 189, 0, 38),
(601, 189, 0, 32),
(614, 229, 0, 37),
(615, 229, 0, 35),
(616, 230, 0, 37),
(617, 230, 0, 36),
(618, 231, 0, 46),
(619, 232, 0, 33),
(620, 232, 0, 30),
(621, 233, 0, 33),
(622, 233, 0, 31),
(623, 233, 0, 30),
(624, 233, 0, 29),
(625, 234, 0, 39),
(626, 235, 0, 32),
(627, 236, 0, 31),
(628, 236, 0, 29),
(629, 237, 0, 35),
(630, 238, 0, 34),
(631, 239, 0, 45),
(632, 240, 0, 36),
(633, 240, 0, 36),
(634, 240, 0, 36),
(635, 240, 0, 34),
(636, 241, 0, 38),
(637, 241, 0, 38),
(638, 241, 0, 35),
(639, 242, 0, 36),
(640, 242, 0, 37),
(641, 243, 0, 38),
(642, 243, 0, 36),
(643, 243, 0, 36),
(644, 243, 0, 35),
(645, 243, 0, 28),
(646, 243, 0, 36),
(647, 243, 0, 36),
(648, 243, 0, 36),
(649, 244, 0, 32),
(650, 244, 0, 34),
(651, 244, 0, 28),
(652, 245, 0, 37),
(653, 245, 0, 34),
(654, 245, 0, 38),
(655, 246, 0, 22),
(656, 246, 0, 36),
(657, 247, 0, 34),
(658, 247, 0, 33),
(659, 247, 0, 38),
(660, 248, 0, 38),
(661, 248, 0, 27),
(662, 249, 0, 32),
(663, 249, 0, 33),
(664, 249, 0, 33),
(665, 250, 0, 33),
(666, 250, 0, 33),
(667, 250, 0, 33),
(668, 250, 0, 33),
(669, 250, 0, 33),
(670, 250, 0, 33),
(671, 250, 0, 33),
(672, 250, 0, 33),
(673, 250, 0, 33),
(674, 250, 0, 33),
(675, 250, 0, 33),
(676, 250, 0, 33),
(677, 250, 0, 33),
(678, 250, 0, 33),
(679, 250, 0, 33),
(680, 250, 0, 33),
(681, 251, 0, 29),
(682, 251, 0, 31),
(683, 251, 0, 33),
(684, 252, 0, 29),
(685, 252, 0, 35),
(686, 253, 0, 34),
(687, 253, 0, 34),
(688, 253, 0, 32),
(689, 253, 0, 23),
(690, 253, 0, 35),
(691, 253, 0, 36),
(692, 254, 0, 36),
(693, 254, 0, 33),
(694, 254, 0, 36),
(695, 255, 0, 34),
(696, 255, 0, 34),
(697, 255, 0, 34),
(698, 255, 0, 34),
(699, 255, 0, 28),
(700, 255, 0, 34),
(701, 255, 0, 31),
(702, 256, 0, 34),
(703, 256, 0, 34),
(704, 256, 0, 34),
(705, 256, 0, 34),
(706, 256, 0, 30),
(707, 257, 0, 37),
(708, 257, 0, 34),
(709, 258, 0, 35),
(710, 258, 0, 35),
(711, 258, 0, 35),
(712, 258, 0, 32),
(713, 259, 0, 30),
(714, 259, 0, 31),
(715, 259, 0, 28),
(716, 259, 0, 29),
(717, 259, 0, 33),
(718, 259, 0, 28),
(719, 260, 0, 41),
(720, 260, 0, 33),
(721, 260, 0, 32),
(722, 260, 0, 30),
(723, 261, 0, 40),
(724, 261, 0, 39),
(725, 262, 0, 36),
(726, 262, 0, 36),
(727, 262, 0, 34),
(728, 262, 0, 36),
(729, 262, 0, 36),
(730, 262, 0, 36),
(731, 263, 0, 34),
(732, 263, 0, 34),
(733, 264, 0, 28),
(734, 264, 0, 33),
(735, 264, 0, 34),
(736, 264, 0, 32),
(737, 264, 0, 34),
(738, 265, 0, 33),
(739, 265, 0, 29),
(740, 265, 0, 33),
(741, 265, 0, 29),
(742, 265, 0, 35),
(743, 265, 0, 30),
(744, 265, 0, 33),
(745, 265, 0, 33),
(746, 266, 0, 36),
(747, 266, 0, 36),
(748, 266, 0, 36),
(749, 266, 0, 34),
(750, 267, 0, 32),
(751, 267, 0, 28),
(752, 267, 0, 37),
(753, 267, 0, 37),
(754, 267, 0, 33),
(755, 268, 0, 28),
(756, 268, 0, 33),
(757, 268, 0, 35),
(758, 268, 0, 30),
(760, 270, 0, 33),
(761, 270, 0, 32),
(762, 270, 0, 37),
(763, 270, 0, 33),
(764, 270, 0, 30),
(765, 270, 0, 27),
(772, 273, 0, 37),
(773, 273, 0, 37),
(774, 273, 0, 37),
(775, 273, 0, 37),
(776, 273, 0, 35),
(779, 275, 0, 34),
(780, 275, 0, 30),
(781, 276, 0, 35),
(782, 276, 0, 41),
(783, 276, 0, 35),
(784, 277, 0, 43),
(785, 278, 0, 34),
(786, 278, 0, 35),
(787, 278, 0, 35),
(788, 278, 0, 34),
(789, 278, 0, 23),
(790, 278, 0, 38),
(791, 278, 0, 35),
(792, 278, 0, 30),
(793, 279, 0, 35),
(794, 279, 0, 35),
(795, 279, 0, 36),
(796, 279, 0, 35),
(797, 280, 0, 36),
(798, 280, 0, 36),
(799, 281, 0, 30),
(800, 281, 0, 28),
(801, 282, 0, 35),
(802, 282, 0, 34),
(803, 282, 0, 36),
(804, 282, 0, 34),
(805, 282, 0, 35),
(806, 282, 0, 34),
(807, 282, 0, 32),
(808, 282, 0, 36),
(809, 282, 0, 31),
(810, 283, 0, 26),
(811, 284, 0, 30),
(812, 285, 0, 26),
(813, 285, 0, 29),
(814, 286, 0, 35),
(820, 288, 0, 36),
(821, 288, 0, 25),
(822, 288, 0, 37),
(823, 288, 0, 34),
(827, 290, 0, 36),
(828, 290, 0, 34),
(829, 290, 0, 36),
(830, 291, 0, 28),
(831, 291, 0, 27),
(832, 292, 0, 38),
(833, 292, 0, 38),
(834, 292, 0, 38),
(835, 292, 0, 34),
(836, 293, 0, 33),
(837, 294, 0, 25),
(838, 294, 0, 35),
(839, 294, 0, 33),
(840, 295, 0, 36),
(841, 296, 0, 32),
(842, 296, 0, 39),
(843, 296, 0, 34),
(844, 296, 0, 37),
(845, 296, 0, 41),
(846, 296, 0, 35),
(847, 297, 0, 38),
(848, 298, 0, 22),
(849, 298, 0, 28),
(850, 298, 0, 30),
(851, 299, 0, 34),
(852, 300, 0, 41),
(853, 300, 0, 32),
(854, 301, 0, 22),
(855, 301, 0, 36),
(856, 301, 0, 30),
(857, 302, 0, 36),
(858, 302, 0, 31),
(859, 303, 0, 37),
(860, 303, 0, 19),
(861, 303, 0, 38),
(862, 304, 0, 31),
(863, 304, 0, 31),
(864, 304, 0, 29),
(865, 305, 0, 36),
(866, 305, 0, 32),
(867, 306, 0, 30),
(868, 307, 0, 33),
(869, 307, 0, 43),
(870, 307, 0, 39),
(871, 307, 0, 43),
(872, 307, 0, 38),
(873, 307, 0, 36),
(874, 307, 0, 33),
(875, 308, 0, 37),
(876, 308, 0, 37),
(877, 308, 0, 34),
(878, 309, 0, 29),
(879, 309, 0, 27),
(880, 310, 0, 36),
(881, 310, 0, 33),
(882, 310, 0, 34),
(883, 310, 0, 34),
(884, 310, 0, 36),
(885, 310, 0, 35),
(886, 311, 0, 36),
(887, 312, 0, 36),
(888, 312, 0, 37),
(889, 312, 0, 33),
(890, 312, 0, 34),
(891, 312, 0, 32),
(892, 313, 0, 38),
(893, 313, 0, 32),
(894, 314, 0, 35),
(895, 314, 0, 32),
(896, 314, 0, 35),
(897, 314, 0, 28),
(898, 315, 0, 27),
(899, 315, 0, 28),
(900, 315, 0, 29),
(901, 315, 0, 24),
(902, 316, 0, 32),
(903, 317, 0, 36),
(904, 317, 0, 36),
(905, 317, 0, 33),
(906, 318, 0, 35),
(907, 318, 0, 29),
(908, 318, 0, 22),
(909, 319, 0, 34),
(910, 320, 0, 33),
(911, 320, 0, 38),
(912, 320, 0, 39),
(913, 321, 0, 36),
(914, 321, 0, 36),
(915, 321, 0, 38),
(916, 321, 0, 31),
(917, 322, 0, 32),
(918, 322, 0, 38),
(919, 322, 0, 38),
(920, 322, 0, 33),
(921, 323, 0, 35),
(922, 323, 0, 27),
(923, 323, 0, 34),
(924, 324, 0, 33),
(925, 324, 0, 33),
(926, 324, 0, 31),
(927, 324, 0, 36),
(928, 325, 0, 29),
(929, 325, 0, 33),
(930, 325, 0, 34),
(931, 325, 0, 33),
(932, 326, 0, 33),
(933, 326, 0, 33),
(934, 326, 0, 32),
(935, 326, 0, 38),
(936, 327, 0, 40),
(937, 327, 0, 38),
(938, 328, 0, 37),
(939, 328, 0, 36),
(940, 328, 0, 37),
(941, 328, 0, 35),
(942, 329, 0, 30),
(943, 329, 0, 32),
(944, 330, 0, 36),
(945, 330, 0, 33),
(946, 331, 0, 30),
(947, 331, 0, 30),
(948, 331, 0, 39),
(949, 332, 0, 32),
(950, 332, 0, 35),
(951, 332, 0, 35),
(952, 332, 0, 35),
(953, 332, 0, 35),
(954, 333, 0, 36),
(955, 333, 0, 35),
(956, 333, 0, 35),
(957, 334, 0, 32),
(958, 334, 0, 35),
(959, 335, 0, 35),
(960, 335, 0, 34),
(961, 336, 0, 35),
(962, 336, 0, 36),
(963, 337, 0, 35),
(964, 337, 0, 32),
(965, 337, 0, 37),
(968, 339, 0, 33),
(969, 339, 0, 35),
(970, 339, 0, 35),
(971, 339, 0, 36),
(972, 339, 0, 35),
(976, 341, 0, 34),
(977, 341, 0, 34),
(978, 342, 0, 35),
(979, 342, 0, 32),
(980, 343, 0, 35),
(981, 343, 0, 34),
(982, 343, 0, 32),
(983, 344, 0, 36),
(984, 344, 0, 35),
(985, 344, 0, 36),
(986, 344, 0, 32),
(987, 345, 0, 34),
(988, 345, 0, 32),
(989, 345, 0, 29),
(990, 345, 0, 35),
(991, 346, 0, 35),
(992, 346, 0, 36),
(993, 346, 0, 36),
(994, 346, 0, 32),
(995, 347, 0, 26),
(996, 347, 0, 34),
(997, 347, 0, 32),
(998, 348, 0, 34),
(999, 348, 0, 35),
(1000, 349, 0, 35),
(1001, 349, 0, 35),
(1002, 349, 0, 28),
(1003, 350, 0, 34),
(1004, 351, 0, 35),
(1005, 351, 0, 36),
(1006, 351, 0, 36),
(1007, 351, 0, 36),
(1008, 351, 0, 36),
(1009, 352, 0, 35),
(1010, 352, 0, 32),
(1011, 353, 0, 35),
(1012, 353, 0, 36),
(1013, 353, 0, 37),
(1014, 353, 0, 27),
(1015, 354, 0, 36),
(1016, 355, 0, 29),
(1017, 355, 0, 30),
(1018, 355, 0, 31),
(1019, 355, 0, 30),
(1020, 355, 0, 29),
(1021, 356, 0, 25),
(1022, 356, 0, 25),
(1023, 356, 0, 28),
(1027, 358, 0, 34),
(1028, 358, 0, 29),
(1029, 358, 0, 31),
(1030, 359, 0, 37),
(1031, 359, 0, 35),
(1032, 359, 0, 33),
(1033, 360, 0, 35),
(1034, 360, 0, 35),
(1035, 360, 0, 33),
(1036, 361, 0, 29),
(1037, 361, 0, 39),
(1038, 361, 0, 37),
(1039, 361, 0, 34),
(1040, 362, 0, 39),
(1041, 362, 0, 33),
(1042, 362, 0, 35),
(1043, 363, 0, 27),
(1044, 363, 0, 32),
(1045, 363, 0, 34),
(1046, 364, 0, 37),
(1047, 364, 0, 37),
(1048, 364, 0, 40),
(1049, 365, 0, 28),
(1050, 365, 0, 28),
(1051, 366, 0, 35),
(1052, 367, 0, 35),
(1053, 367, 0, 35),
(1054, 367, 0, 35),
(1055, 367, 0, 33),
(1056, 368, 0, 34),
(1057, 368, 0, 32),
(1058, 368, 0, 38),
(1059, 368, 0, 30),
(1060, 369, 0, 35),
(1061, 369, 0, 34),
(1062, 369, 0, 35),
(1063, 369, 0, 32),
(1064, 370, 0, 26),
(1065, 371, 0, 33),
(1066, 371, 0, 36),
(1067, 371, 0, 33),
(1068, 371, 0, 27),
(1069, 372, 0, 35),
(1070, 372, 0, 31),
(1071, 373, 0, 34),
(1072, 373, 0, 34),
(1073, 373, 0, 34),
(1074, 373, 0, 35),
(1075, 373, 0, 32),
(1076, 374, 0, 28),
(1077, 374, 0, 26),
(1078, 374, 0, 25),
(1079, 375, 0, 29),
(1080, 375, 0, 36),
(1081, 375, 0, 32),
(1082, 376, 0, 31),
(1083, 376, 0, 27),
(1084, 376, 0, 29),
(1085, 377, 0, 30),
(1086, 377, 0, 36),
(1087, 377, 0, 31),
(1088, 378, 0, 36),
(1089, 378, 0, 36),
(1090, 378, 0, 37),
(1091, 378, 0, 37),
(1092, 378, 0, 32),
(1093, 378, 0, 38),
(1094, 379, 0, 24),
(1095, 379, 0, 27),
(1097, 381, 0, 31),
(1098, 381, 0, 30),
(1099, 381, 0, 37),
(1100, 382, 0, 34),
(1101, 382, 0, 32),
(1102, 382, 0, 36),
(1103, 382, 0, 31),
(1104, 382, 0, 35),
(1105, 382, 0, 32),
(1106, 383, 0, 35),
(1107, 383, 0, 36),
(1108, 383, 0, 33),
(1109, 384, 0, 34),
(1110, 384, 0, 38),
(1111, 385, 0, 32),
(1112, 385, 0, 37),
(1113, 385, 0, 35),
(1114, 385, 0, 36),
(1117, 387, 0, 35),
(1118, 387, 0, 39),
(1119, 387, 0, 37),
(1120, 387, 0, 39),
(1121, 387, 0, 34),
(1128, 390, 0, 43),
(1129, 390, 0, 39),
(1130, 390, 0, 39),
(1131, 391, 0, 29),
(1132, 391, 0, 36),
(1133, 391, 0, 34),
(1134, 391, 0, 34),
(1135, 391, 0, 33),
(1136, 392, 0, 34),
(1137, 392, 0, 40),
(1138, 393, 0, 34),
(1139, 393, 0, 34),
(1140, 394, 0, 32),
(1141, 394, 0, 32),
(1142, 394, 0, 34),
(1143, 394, 0, 35),
(1144, 394, 0, 32),
(1145, 395, 0, 28),
(1146, 395, 0, 22),
(1147, 396, 0, 16),
(1148, 396, 0, 31),
(1149, 396, 0, 36),
(1151, 398, 0, 31),
(1152, 398, 0, 30),
(1153, 399, 0, 36),
(1154, 399, 0, 34),
(1155, 399, 0, 32),
(1156, 400, 0, 37),
(1157, 400, 0, 34),
(1158, 401, 0, 28),
(1159, 401, 0, 31),
(1160, 401, 0, 30),
(1161, 402, 0, 35),
(1162, 402, 0, 33),
(1163, 403, 0, 32),
(1164, 403, 0, 34),
(1165, 403, 0, 34),
(1166, 403, 0, 37),
(1167, 403, 0, 32),
(1168, 403, 0, 29),
(1169, 404, 0, 27),
(1170, 404, 0, 29),
(1171, 404, 0, 29),
(1172, 404, 0, 31),
(1173, 404, 0, 30),
(1174, 404, 0, 27),
(1175, 404, 0, 26),
(1176, 405, 0, 41),
(1177, 405, 0, 36),
(1178, 406, 0, 34),
(1179, 406, 0, 29),
(1180, 406, 0, 28),
(1181, 406, 0, 30),
(1182, 406, 0, 32),
(1183, 406, 0, 34),
(1184, 406, 0, 28),
(1185, 407, 0, 26),
(1186, 407, 0, 27),
(1187, 408, 0, 33),
(1188, 408, 0, 32),
(1189, 408, 0, 35),
(1190, 408, 0, 32),
(1191, 409, 0, 27),
(1192, 409, 0, 27),
(1193, 409, 0, 27),
(1194, 409, 0, 27),
(1195, 409, 0, 26),
(1196, 409, 0, 29),
(1197, 410, 0, 32),
(1198, 410, 0, 33),
(1199, 410, 0, 27),
(1200, 411, 0, 35),
(1201, 411, 0, 36),
(1202, 412, 0, 36),
(1203, 412, 0, 36),
(1204, 412, 0, 35),
(1205, 412, 0, 36),
(1206, 413, 0, 35),
(1207, 413, 0, 35),
(1208, 413, 0, 34),
(1209, 414, 0, 33),
(1210, 414, 0, 37),
(1211, 414, 0, 37),
(1212, 414, 0, 36),
(1213, 414, 0, 37),
(1214, 414, 0, 36),
(1215, 414, 0, 34),
(1217, 416, 0, 32),
(1218, 416, 0, 40),
(1219, 416, 0, 34),
(1220, 417, 0, 34),
(1221, 417, 0, 33),
(1222, 417, 0, 34),
(1223, 418, 0, 36),
(1224, 418, 0, 34),
(1227, 420, 0, 32),
(1228, 420, 0, 21),
(1229, 420, 0, 34),
(1230, 421, 0, 31),
(1231, 421, 0, 27),
(1232, 422, 0, 26),
(1233, 422, 0, 34),
(1234, 423, 0, 24),
(1235, 423, 0, 26),
(1236, 424, 0, 30),
(1237, 424, 0, 16),
(1238, 424, 0, 25),
(1239, 425, 0, 27),
(1240, 425, 0, 30),
(1241, 425, 0, 30),
(1242, 426, 0, 28),
(1243, 426, 0, 32),
(1244, 427, 0, 28),
(1245, 428, 0, 48),
(1246, 428, 0, 35),
(1247, 428, 0, 35),
(1248, 428, 0, 39),
(1249, 428, 0, 40),
(1250, 429, 0, 20),
(1252, 431, 0, 32),
(1253, 432, 0, 30),
(1254, 432, 0, 32),
(1255, 432, 0, 31),
(1256, 432, 0, 18),
(1257, 433, 0, 34),
(1258, 433, 0, 33),
(1259, 434, 0, 36),
(1260, 434, 0, 35),
(1261, 435, 0, 31),
(1262, 435, 0, 31),
(1263, 435, 0, 34),
(1264, 435, 0, 29),
(1270, 438, 0, 29),
(1271, 439, 0, 28),
(1272, 440, 0, 35),
(1273, 440, 0, 35),
(1274, 440, 0, 35),
(1275, 440, 0, 30),
(1276, 441, 0, 25),
(1277, 442, 0, 32),
(1278, 443, 0, 36),
(1279, 444, 0, 36),
(1280, 444, 0, 35),
(1281, 444, 0, 35),
(1282, 444, 0, 28),
(1283, 444, 0, 34),
(1284, 444, 0, 38),
(1285, 444, 0, 26),
(1286, 445, 0, 16),
(1287, 446, 0, 28),
(1288, 446, 0, 30),
(1289, 446, 0, 29),
(1290, 446, 0, 31),
(1291, 446, 0, 39),
(1292, 446, 0, 35),
(1294, 448, 0, 33),
(1295, 448, 0, 36),
(1296, 448, 0, 34),
(1297, 449, 0, 31),
(1299, 451, 0, 37),
(1300, 451, 0, 34),
(1301, 452, 0, 34),
(1302, 452, 0, 32),
(1303, 453, 0, 36),
(1304, 454, 0, 33),
(1305, 454, 0, 33),
(1306, 454, 0, 37),
(1307, 455, 0, 33),
(1308, 455, 0, 33),
(1309, 455, 0, 32),
(1310, 455, 0, 28),
(1311, 455, 0, 29),
(1312, 456, 0, 29),
(1313, 456, 0, 36),
(1314, 457, 0, 36),
(1315, 457, 0, 32),
(1316, 457, 0, 38),
(1317, 457, 0, 37),
(1318, 457, 0, 40),
(1319, 458, 0, 35),
(1320, 458, 0, 37),
(1321, 459, 0, 21),
(1322, 459, 0, 25),
(1323, 459, 0, 23),
(1324, 459, 0, 24),
(1325, 460, 0, 26),
(1326, 460, 0, 29),
(1327, 460, 0, 32),
(1328, 461, 0, 34),
(1329, 461, 0, 36),
(1330, 462, 0, 32),
(1331, 462, 0, 32),
(1332, 463, 0, 29),
(1333, 463, 0, 31),
(1334, 463, 0, 38),
(1335, 463, 0, 36),
(1336, 463, 0, 36),
(1337, 464, 0, 36),
(1338, 464, 0, 34),
(1339, 465, 0, 35),
(1340, 465, 0, 42),
(1341, 465, 0, 41),
(1342, 465, 0, 39),
(1343, 465, 0, 40),
(1344, 465, 0, 38),
(1345, 466, 0, 40),
(1346, 466, 0, 35),
(1347, 467, 0, 39),
(1348, 467, 0, 37),
(1349, 467, 0, 36),
(1350, 467, 0, 32),
(1351, 468, 0, 28),
(1352, 469, 0, 36),
(1353, 469, 0, 34),
(1354, 469, 0, 35),
(1355, 469, 0, 34),
(1356, 470, 0, 40),
(1357, 470, 0, 38),
(1358, 471, 0, 28),
(1359, 471, 0, 36),
(1360, 471, 0, 29),
(1361, 471, 0, 34),
(1362, 472, 0, 36),
(1363, 472, 0, 33),
(1364, 473, 0, 31),
(1365, 473, 0, 35),
(1366, 473, 0, 23),
(1367, 474, 0, 40),
(1368, 474, 0, 37),
(1369, 474, 0, 37),
(1370, 475, 0, 36),
(1374, 477, 0, 37),
(1375, 477, 0, 36),
(1376, 478, 0, 32),
(1377, 478, 0, 30),
(1378, 479, 0, 38),
(1379, 479, 0, 37),
(1380, 479, 0, 34),
(1381, 480, 0, 33),
(1382, 480, 0, 32),
(1383, 481, 0, 38),
(1384, 481, 0, 39),
(1385, 481, 0, 38),
(1386, 481, 0, 35),
(1387, 482, 0, 36),
(1388, 482, 0, 35),
(1389, 483, 0, 35),
(1390, 484, 0, 32),
(1391, 484, 0, 29),
(1392, 484, 0, 32),
(1393, 484, 0, 27),
(1394, 485, 0, 35),
(1395, 485, 0, 36),
(1396, 485, 0, 32),
(1397, 486, 0, 53),
(1398, 487, 0, 35),
(1399, 487, 0, 34),
(1400, 488, 0, 35),
(1401, 488, 0, 33),
(1402, 489, 0, 35),
(1403, 489, 0, 33),
(1404, 490, 0, 44),
(1405, 490, 0, 36),
(1406, 490, 0, 32),
(1407, 491, 0, 36),
(1408, 491, 0, 34),
(1412, 493, 0, 36),
(1418, 495, 0, 34),
(1419, 495, 0, 32),
(1420, 496, 0, 34),
(1421, 496, 0, 38),
(1422, 496, 0, 35),
(1423, 496, 0, 37),
(1424, 496, 0, 37),
(1425, 496, 0, 37),
(1426, 496, 0, 38),
(1427, 496, 0, 44),
(1428, 497, 0, 33),
(1429, 498, 0, 33),
(1430, 498, 0, 34),
(1431, 499, 0, 31),
(1432, 499, 0, 34),
(1433, 500, 0, 30),
(1434, 500, 0, 35),
(1435, 500, 0, 33),
(1436, 500, 0, 36),
(1437, 500, 0, 41),
(1438, 500, 0, 29),
(1439, 500, 0, 38),
(1440, 500, 0, 33),
(1441, 501, 0, 36),
(1442, 501, 0, 34),
(1443, 501, 0, 35),
(1444, 502, 0, 37),
(1445, 503, 0, 35),
(1446, 503, 0, 37),
(1447, 504, 0, 33),
(1448, 504, 0, 37),
(1449, 505, 0, 33),
(1450, 505, 0, 30),
(1451, 506, 0, 35),
(1452, 506, 0, 37),
(1453, 507, 0, 36),
(1454, 507, 0, 38),
(1455, 507, 0, 35),
(1456, 508, 0, 36),
(1457, 508, 0, 36),
(1458, 508, 0, 31),
(1459, 509, 0, 33),
(1460, 509, 0, 34),
(1461, 509, 0, 35),
(1462, 510, 0, 34),
(1463, 510, 0, 36),
(1464, 510, 0, 46),
(1465, 511, 0, 35),
(1466, 511, 0, 37),
(1467, 511, 0, 38),
(1468, 511, 0, 43),
(1469, 511, 0, 40),
(1470, 511, 0, 33),
(1474, 513, 0, 32),
(1475, 513, 0, 35),
(1476, 513, 0, 35),
(1477, 513, 0, 35),
(1478, 513, 0, 35),
(1479, 514, 0, 37),
(1480, 514, 0, 34),
(1481, 514, 0, 34),
(1482, 514, 0, 31),
(1483, 514, 0, 34),
(1484, 514, 0, 36),
(1485, 514, 0, 34),
(1486, 514, 0, 28),
(1487, 515, 0, 36),
(1488, 515, 0, 34),
(1489, 515, 0, 34),
(1490, 515, 0, 34),
(1491, 515, 0, 30),
(1492, 515, 0, 33),
(1493, 515, 0, 34),
(1494, 515, 0, 31),
(1495, 516, 0, 36),
(1496, 516, 0, 33),
(1500, 517, 0, 39),
(1501, 517, 0, 33),
(1502, 518, 0, 28),
(1503, 518, 0, 26),
(1504, 519, 0, 34),
(1505, 519, 0, 31),
(1508, 521, 0, 37),
(1509, 521, 0, 31),
(1510, 522, 0, 34),
(1511, 522, 0, 35),
(1512, 523, 0, 35),
(1513, 523, 0, 35),
(1514, 523, 0, 33),
(1515, 524, 0, 31),
(1516, 524, 0, 36),
(1517, 524, 0, 30),
(1518, 524, 0, 36),
(1519, 525, 0, 31),
(1520, 525, 0, 30),
(1521, 525, 0, 26),
(1522, 526, 0, 38),
(1523, 526, 0, 33),
(1524, 527, 0, 39),
(1528, 529, 0, 35),
(1529, 529, 0, 32),
(1530, 529, 0, 36),
(1531, 530, 0, 34),
(1532, 531, 0, 25),
(1533, 531, 0, 28),
(1534, 531, 0, 24),
(1535, 532, 0, 32),
(1536, 533, 0, 33),
(1537, 533, 0, 30),
(1538, 533, 0, 31),
(1539, 534, 0, 23),
(1540, 534, 0, 22),
(1541, 534, 0, 26),
(1542, 534, 0, 23),
(1543, 535, 0, 30),
(1544, 535, 0, 31),
(1545, 535, 0, 31),
(1546, 535, 0, 34),
(1547, 535, 0, 29),
(1548, 536, 0, 36),
(1549, 536, 0, 35),
(1550, 536, 0, 36),
(1551, 536, 0, 33),
(1552, 537, 0, 30),
(1553, 537, 0, 29),
(1554, 537, 0, 32),
(1561, 539, 0, 34),
(1562, 539, 0, 34),
(1563, 539, 0, 35),
(1564, 539, 0, 35),
(1565, 539, 0, 33),
(1566, 540, 0, 35),
(1567, 540, 0, 33),
(1568, 540, 0, 35),
(1569, 541, 0, 30),
(1570, 541, 0, 30),
(1573, 543, 0, 36),
(1574, 543, 0, 36),
(1575, 543, 0, 32),
(1576, 544, 0, 36),
(1577, 544, 0, 36),
(1578, 544, 0, 34),
(1579, 545, 0, 34),
(1580, 545, 0, 32),
(1581, 546, 0, 36),
(1582, 546, 0, 37),
(1583, 546, 0, 30),
(1584, 547, 0, 31),
(1585, 547, 0, 33),
(1586, 547, 0, 32),
(1587, 547, 0, 32),
(1588, 548, 0, 36),
(1589, 548, 0, 35),
(1590, 549, 0, 35),
(1591, 549, 0, 36),
(1592, 550, 0, 33),
(1593, 550, 0, 34),
(1594, 551, 0, 36),
(1595, 551, 0, 34),
(1596, 552, 0, 34),
(1597, 552, 0, 35),
(1598, 552, 0, 36),
(1599, 553, 0, 31),
(1600, 553, 0, 24),
(1601, 554, 0, 36),
(1602, 554, 0, 36),
(1603, 554, 0, 36),
(1604, 554, 0, 36),
(1605, 554, 0, 32),
(1608, 556, 0, 36),
(1609, 556, 0, 36),
(1610, 557, 0, 29),
(1611, 557, 0, 37),
(1612, 558, 0, 30),
(1613, 558, 0, 37),
(1614, 558, 0, 32),
(1615, 558, 0, 33),
(1616, 558, 0, 30),
(1617, 559, 0, 35),
(1618, 559, 0, 44),
(1619, 559, 0, 38),
(1620, 560, 0, 42),
(1624, 562, 0, 35),
(1625, 562, 0, 34),
(1626, 563, 0, 33),
(1627, 563, 0, 35),
(1628, 563, 0, 35),
(1629, 564, 0, 37),
(1630, 564, 0, 35),
(1631, 565, 0, 37),
(1632, 566, 0, 35),
(1633, 566, 0, 31),
(1634, 566, 0, 28),
(1635, 567, 0, 35),
(1636, 567, 0, 33),
(1637, 567, 0, 34),
(1638, 568, 0, 35),
(1639, 568, 0, 33),
(1640, 569, 0, 33),
(1641, 569, 0, 33),
(1642, 569, 0, 34),
(1643, 570, 0, 37),
(1644, 570, 0, 35),
(1645, 570, 0, 37),
(1646, 571, 0, 40),
(1647, 571, 0, 39),
(1650, 573, 0, 35),
(1651, 573, 0, 35),
(1652, 573, 0, 35),
(1653, 573, 0, 33),
(1657, 575, 0, 35),
(1658, 575, 0, 35),
(1659, 575, 0, 33),
(1660, 576, 0, 35),
(1661, 576, 0, 35),
(1662, 576, 0, 35),
(1663, 576, 0, 34),
(1664, 577, 0, 35),
(1665, 577, 0, 34),
(1666, 577, 0, 34),
(1667, 577, 0, 34),
(1668, 577, 0, 32),
(1669, 578, 0, 31),
(1670, 579, 0, 36),
(1671, 579, 0, 35),
(1672, 579, 0, 33),
(1676, 582, 0, 34),
(1677, 582, 0, 33),
(1678, 582, 0, 31),
(1679, 582, 0, 32),
(1680, 582, 0, 32),
(1681, 582, 0, 32),
(1682, 582, 0, 30),
(1683, 583, 0, 31),
(1684, 584, 0, 33),
(1685, 584, 0, 33),
(1686, 584, 0, 33),
(1687, 584, 0, 33),
(1688, 584, 0, 33),
(1689, 584, 0, 27),
(1690, 585, 0, 34),
(1691, 586, 0, 34),
(1692, 586, 0, 34),
(1693, 586, 0, 34),
(1694, 586, 0, 34),
(1695, 586, 0, 34),
(1696, 586, 0, 40),
(1697, 586, 0, 31),
(1698, 587, 0, 36),
(1699, 588, 0, 34),
(1700, 588, 0, 34),
(1701, 588, 0, 34),
(1702, 588, 0, 34),
(1703, 588, 0, 34),
(1704, 588, 0, 34),
(1705, 588, 0, 34),
(1706, 588, 0, 34),
(1707, 588, 0, 34),
(1708, 588, 0, 34),
(1709, 588, 0, 30),
(1710, 588, 0, 30),
(1712, 590, 0, 36),
(1713, 590, 0, 36),
(1714, 590, 0, 36),
(1715, 590, 0, 36),
(1716, 590, 0, 36),
(1717, 590, 0, 32),
(1718, 591, 0, 36),
(1719, 591, 0, 37),
(1720, 591, 0, 36),
(1721, 591, 0, 33),
(1722, 591, 0, 37),
(1723, 592, 0, 38),
(1724, 592, 0, 34),
(1725, 593, 0, 31),
(1726, 593, 0, 23),
(1727, 594, 0, 34),
(1728, 594, 0, 36),
(1729, 594, 0, 38),
(1730, 594, 0, 33),
(1731, 595, 0, 33),
(1732, 595, 0, 35),
(1733, 595, 0, 35),
(1734, 596, 0, 27),
(1735, 596, 0, 29),
(1736, 596, 0, 30),
(1737, 596, 0, 32),
(1738, 596, 0, 25),
(1739, 596, 0, 26),
(1740, 596, 0, 27),
(1741, 597, 0, 35),
(1742, 597, 0, 33),
(1743, 597, 0, 35),
(1744, 598, 0, 38),
(1745, 598, 0, 38),
(1746, 598, 0, 39),
(1747, 598, 0, 35),
(1748, 598, 0, 35),
(1749, 598, 0, 33),
(1750, 598, 0, 36),
(1751, 599, 0, 30),
(1752, 599, 0, 34),
(1753, 600, 0, 32),
(1754, 600, 0, 32),
(1755, 600, 0, 34),
(1756, 600, 0, 33),
(1757, 600, 0, 30),
(1758, 600, 0, 31),
(1759, 600, 0, 32),
(1760, 600, 0, 33),
(1761, 600, 0, 36),
(1762, 600, 0, 27),
(1763, 601, 0, 35),
(1764, 601, 0, 35),
(1765, 601, 0, 35),
(1766, 601, 0, 31),
(1767, 601, 0, 30),
(1770, 603, 0, 19),
(1771, 603, 0, 36),
(1772, 604, 0, 37),
(1773, 604, 0, 34),
(1774, 605, 0, 37),
(1775, 605, 0, 37),
(1776, 605, 0, 35),
(1779, 608, 0, 28),
(1780, 608, 0, 27),
(1781, 609, 0, 34),
(1782, 609, 0, 34),
(1783, 609, 0, 32),
(1784, 609, 0, 34),
(1785, 610, 0, 30),
(1786, 610, 0, 24),
(1787, 610, 0, 31),
(1788, 611, 0, 37),
(1789, 611, 0, 40),
(1790, 611, 0, 35),
(1794, 613, 0, 34),
(1797, 615, 0, 35),
(1798, 615, 0, 36),
(1799, 615, 0, 35),
(1800, 615, 0, 31),
(1801, 615, 0, 32),
(1802, 615, 0, 34),
(1803, 615, 0, 37),
(1804, 615, 0, 36),
(1805, 616, 0, 36),
(1806, 616, 0, 36),
(1807, 616, 0, 35),
(1808, 616, 0, 32),
(1809, 616, 0, 35),
(1810, 617, 0, 26),
(1811, 617, 0, 35),
(1812, 618, 0, 36),
(1813, 618, 0, 34),
(1814, 618, 0, 36),
(1815, 618, 0, 36),
(1816, 618, 0, 29),
(1817, 618, 0, 33),
(1818, 619, 0, 27),
(1819, 619, 0, 29),
(1820, 619, 0, 38),
(1821, 619, 0, 35),
(1822, 619, 0, 41),
(1823, 619, 0, 35),
(1824, 620, 0, 33),
(1825, 620, 0, 35),
(1826, 621, 0, 34),
(1827, 621, 0, 34),
(1828, 621, 0, 32),
(1829, 622, 0, 36),
(1830, 622, 0, 36),
(1831, 622, 0, 29),
(1839, 624, 0, 24),
(1845, 627, 0, 43),
(1846, 627, 0, 39),
(1847, 627, 0, 37),
(1848, 628, 0, 30),
(1849, 629, 0, 38),
(1850, 630, 0, 34),
(1851, 631, 0, 33),
(1852, 632, 0, 35),
(1853, 633, 0, 31),
(1854, 633, 0, 24),
(1855, 633, 0, 32),
(1856, 633, 0, 30),
(1857, 634, 0, 38),
(1858, 635, 0, 31),
(1859, 635, 0, 31),
(1860, 635, 0, 34),
(1861, 635, 0, 32),
(1862, 636, 0, 39),
(1863, 637, 0, 32),
(1864, 637, 0, 34),
(1865, 637, 0, 32),
(1866, 638, 0, 31),
(1867, 639, 0, 18),
(1868, 640, 0, 32),
(1869, 641, 0, 34),
(1870, 642, 0, 36),
(1871, 642, 0, 36),
(1872, 642, 0, 36),
(1873, 642, 0, 36),
(1874, 642, 0, 36),
(1875, 642, 0, 34),
(1876, 642, 0, 35),
(1877, 642, 0, 32),
(1878, 642, 0, 34),
(1879, 642, 0, 37),
(1880, 643, 0, 29),
(1881, 643, 0, 32),
(1882, 643, 0, 32),
(1883, 643, 0, 33),
(1884, 643, 0, 34),
(1885, 644, 0, 36),
(1886, 644, 0, 30),
(1887, 644, 0, 35),
(1888, 644, 0, 38),
(1889, 644, 0, 32),
(1890, 645, 0, 33),
(1891, 645, 0, 34),
(1892, 645, 0, 35),
(1893, 646, 0, 33),
(1894, 647, 0, 33),
(1895, 647, 0, 35),
(1896, 647, 0, 36),
(1900, 649, 0, 33),
(1901, 649, 0, 35),
(1902, 649, 0, 35),
(1903, 649, 0, 36),
(1904, 650, 0, 17),
(1905, 651, 0, 32),
(1906, 651, 0, 22),
(1907, 651, 0, 27),
(1908, 652, 0, 33),
(1909, 652, 0, 35),
(1910, 652, 0, 35),
(1911, 653, 0, 21),
(1912, 653, 0, 34),
(1913, 653, 0, 32),
(1914, 654, 0, 33),
(1915, 654, 0, 35),
(1916, 654, 0, 35),
(1917, 655, 0, 36),
(1918, 655, 0, 26),
(1919, 655, 0, 34),
(1920, 655, 0, 31),
(1921, 655, 0, 28),
(1922, 655, 0, 27),
(1923, 656, 0, 33),
(1924, 656, 0, 33),
(1925, 656, 0, 35),
(1926, 656, 0, 35),
(1927, 657, 0, 33),
(1928, 657, 0, 38),
(1929, 657, 0, 35),
(1930, 658, 0, 32),
(1931, 658, 0, 35),
(1932, 658, 0, 36),
(1935, 660, 0, 32),
(1936, 660, 0, 33),
(1937, 660, 0, 35),
(1941, 662, 0, 33),
(1951, 664, 0, 37),
(1952, 664, 0, 38),
(1958, 666, 0, 30),
(1959, 666, 0, 30),
(1960, 666, 0, 33),
(1961, 666, 0, 39),
(1962, 666, 0, 32),
(1963, 666, 0, 32),
(1964, 667, 0, 28),
(1965, 667, 0, 35),
(1966, 667, 0, 34),
(1967, 667, 0, 27),
(1968, 668, 0, 38),
(1969, 668, 0, 39),
(1970, 669, 0, 36),
(1971, 669, 0, 39),
(1972, 669, 0, 34),
(1973, 670, 0, 36),
(1974, 670, 0, 36),
(1975, 670, 0, 36),
(1976, 670, 0, 36),
(1977, 670, 0, 36),
(1978, 670, 0, 32),
(1979, 671, 0, 37),
(1980, 671, 0, 37),
(1981, 671, 0, 34),
(1982, 672, 0, 36),
(1983, 672, 0, 36),
(1984, 672, 0, 36),
(1985, 672, 0, 33),
(1986, 673, 0, 26),
(1987, 673, 0, 26),
(1988, 673, 0, 26),
(1989, 673, 0, 27),
(1990, 673, 0, 27),
(1991, 673, 0, 19),
(1992, 674, 0, 27),
(1993, 675, 0, 36),
(1994, 675, 0, 37),
(1995, 676, 0, 36),
(1996, 676, 0, 37),
(1997, 676, 0, 37),
(1998, 676, 0, 37),
(1999, 677, 0, 32),
(2000, 677, 0, 34),
(2001, 677, 0, 35),
(2002, 678, 0, 34),
(2003, 678, 0, 36),
(2004, 678, 0, 33),
(2005, 678, 0, 32),
(2006, 678, 0, 32),
(2007, 678, 0, 35),
(2008, 678, 0, 31),
(2009, 678, 0, 33),
(2010, 679, 0, 32),
(2011, 679, 0, 34),
(2012, 680, 0, 30),
(2013, 680, 0, 31),
(2014, 680, 0, 33),
(2015, 681, 0, 35),
(2016, 681, 0, 37),
(2017, 681, 0, 32),
(2018, 681, 0, 33),
(2019, 681, 0, 35),
(2020, 681, 0, 36),
(2021, 681, 0, 35),
(2022, 681, 0, 35),
(2023, 682, 0, 32),
(2024, 682, 0, 29),
(2025, 682, 0, 31),
(2026, 682, 0, 31),
(2027, 682, 0, 33),
(2028, 682, 0, 32),
(2029, 683, 0, 34),
(2030, 683, 0, 31),
(2031, 683, 0, 33),
(2032, 684, 0, 34),
(2033, 684, 0, 31),
(2034, 685, 0, 34),
(2035, 685, 0, 35),
(2036, 686, 0, 37),
(2037, 686, 0, 31),
(2038, 687, 0, 28),
(2039, 687, 0, 29),
(2040, 688, 0, 32),
(2041, 688, 0, 30),
(2042, 689, 0, 36),
(2043, 689, 0, 36),
(2044, 689, 0, 30),
(2045, 690, 0, 28),
(2046, 690, 0, 30),
(2047, 690, 0, 30),
(2048, 691, 0, 37),
(2049, 691, 0, 37),
(2050, 691, 0, 37),
(2051, 691, 0, 36),
(2052, 692, 0, 36),
(2053, 692, 0, 37),
(2054, 692, 0, 36),
(2055, 692, 0, 39),
(2056, 692, 0, 34),
(2057, 692, 0, 37),
(2058, 692, 0, 37),
(2059, 692, 0, 37),
(2060, 693, 0, 36),
(2061, 693, 0, 35),
(2062, 694, 0, 37),
(2063, 694, 0, 38),
(2064, 695, 0, 41),
(2065, 695, 0, 46),
(2066, 696, 0, 34),
(2067, 697, 0, 42),
(2068, 698, 0, 28),
(2069, 698, 0, 30),
(2070, 699, 0, 26),
(2071, 700, 0, 34),
(2072, 700, 0, 35),
(2073, 700, 0, 35),
(2074, 701, 0, 25),
(2075, 701, 0, 36),
(2076, 701, 0, 32),
(2077, 702, 0, 42),
(2078, 702, 0, 51),
(2079, 703, 0, 34),
(2080, 704, 0, 31),
(2081, 704, 0, 35),
(2082, 704, 0, 36),
(2083, 705, 0, 33),
(2084, 705, 0, 35),
(2087, 707, 0, 42),
(2088, 707, 0, 43),
(2089, 708, 0, 22),
(2090, 708, 0, 32),
(2091, 708, 0, 34),
(2092, 709, 0, 29),
(2093, 709, 0, 32),
(2094, 709, 0, 35),
(2095, 709, 0, 35),
(2096, 709, 0, 36),
(2097, 710, 0, 36),
(2098, 710, 0, 36),
(2099, 710, 0, 34),
(2100, 711, 0, 32),
(2102, 713, 0, 35),
(2103, 713, 0, 35),
(2104, 713, 0, 35),
(2105, 713, 0, 35),
(2106, 713, 0, 32),
(2107, 713, 0, 36),
(2108, 712, 0, 35),
(2109, 714, 0, 34),
(2110, 714, 0, 36),
(2111, 715, 0, 30),
(2112, 715, 0, 31),
(2113, 715, 0, 29),
(2114, 716, 0, 25),
(2115, 717, 0, 35),
(2116, 718, 0, 37),
(2117, 718, 0, 35),
(2118, 718, 0, 35),
(2119, 718, 0, 32),
(2120, 718, 0, 35),
(2121, 719, 0, 35),
(2122, 720, 0, 37),
(2123, 720, 0, 37),
(2124, 720, 0, 37),
(2125, 720, 0, 39),
(2130, 722, 0, 37),
(2131, 722, 0, 37),
(2132, 722, 0, 42),
(2133, 722, 0, 34),
(2134, 722, 0, 35),
(2135, 723, 0, 26),
(2136, 724, 0, 34),
(2137, 724, 0, 37),
(2138, 724, 0, 36),
(2139, 724, 0, 37),
(2140, 724, 0, 36),
(2141, 725, 0, 34),
(2142, 725, 0, 34),
(2143, 725, 0, 36),
(2144, 726, 0, 36),
(2145, 726, 0, 37),
(2146, 726, 0, 34),
(2147, 726, 0, 36),
(2148, 727, 0, 34),
(2149, 728, 0, 29),
(2150, 728, 0, 29),
(2151, 729, 0, 31),
(2152, 729, 0, 33),
(2153, 730, 0, 40),
(2154, 730, 0, 33),
(2155, 730, 0, 34),
(2156, 730, 0, 39),
(2157, 730, 0, 35),
(2158, 730, 0, 34),
(2159, 730, 0, 39),
(2160, 730, 0, 31),
(2161, 730, 0, 41),
(2162, 730, 0, 32),
(2163, 730, 0, 33),
(2164, 730, 0, 32),
(2165, 730, 0, 39),
(2166, 731, 0, 26),
(2167, 731, 0, 24),
(2168, 731, 0, 33),
(2169, 731, 0, 32),
(2170, 731, 0, 27),
(2171, 731, 0, 32),
(2172, 732, 0, 31),
(2173, 732, 0, 25),
(2174, 732, 0, 25),
(2175, 732, 0, 26),
(2176, 732, 0, 27),
(2177, 732, 0, 23),
(2178, 733, 0, 30),
(2179, 734, 0, 39),
(2180, 734, 0, 44),
(2181, 735, 0, 32),
(2182, 735, 0, 31),
(2183, 735, 0, 27),
(2184, 736, 0, 31),
(2185, 736, 0, 34),
(2186, 737, 0, 34),
(2187, 737, 0, 35),
(2188, 738, 0, 35),
(2189, 738, 0, 36),
(2190, 739, 0, 36),
(2191, 739, 0, 34),
(2192, 739, 0, 35),
(2193, 740, 0, 36),
(2194, 741, 0, 29),
(2195, 741, 0, 31),
(2196, 741, 0, 30),
(2197, 741, 0, 30),
(2198, 741, 0, 30),
(2199, 742, 0, 29),
(2200, 742, 0, 34),
(2201, 742, 0, 37),
(2202, 743, 0, 29),
(2203, 744, 0, 25),
(2204, 745, 0, 30),
(2205, 745, 0, 34),
(2206, 745, 0, 35),
(2207, 745, 0, 35),
(2208, 745, 0, 35),
(2209, 746, 0, 31),
(2210, 746, 0, 34),
(2211, 746, 0, 34),
(2212, 746, 0, 34),
(2213, 747, 0, 34),
(2214, 747, 0, 35),
(2215, 748, 0, 37),
(2216, 749, 0, 35),
(2217, 750, 0, 34),
(2218, 750, 0, 38),
(2219, 751, 0, 29),
(2220, 751, 0, 36),
(2221, 751, 0, 34),
(2222, 751, 0, 36),
(2223, 751, 0, 34),
(2224, 751, 0, 34),
(2225, 751, 0, 34),
(2226, 751, 0, 33),
(2227, 752, 0, 37),
(2228, 752, 0, 35),
(2229, 752, 0, 36),
(2230, 753, 0, 35),
(2231, 753, 0, 34),
(2232, 754, 0, 31),
(2233, 754, 0, 29),
(2234, 754, 0, 30),
(2235, 755, 0, 38),
(2236, 755, 0, 37),
(2237, 756, 0, 32),
(2238, 756, 0, 26),
(2239, 756, 0, 28),
(2240, 756, 0, 30),
(2241, 756, 0, 31),
(2242, 756, 0, 31),
(2243, 757, 0, 34),
(2244, 757, 0, 34),
(2245, 757, 0, 32),
(2246, 757, 0, 29),
(2247, 758, 0, 36),
(2248, 758, 0, 38),
(2249, 758, 0, 38),
(2250, 758, 0, 33),
(2251, 759, 0, 29),
(2252, 759, 0, 36),
(2253, 760, 0, 34),
(2254, 760, 0, 35),
(2255, 760, 0, 35),
(2259, 762, 0, 35),
(2260, 763, 0, 39),
(2261, 389, 0, 37),
(2262, 389, 0, 35),
(2263, 389, 0, 36),
(2264, 389, 0, 29),
(2265, 764, 0, 24),
(2266, 764, 0, 25),
(2267, 765, 0, 25),
(2268, 765, 0, 22),
(2269, 766, 0, 26),
(2270, 766, 0, 29),
(2271, 767, 0, 32),
(2272, 767, 0, 29),
(2273, 768, 0, 33),
(2274, 769, 0, 27),
(2275, 769, 0, 24),
(2276, 770, 0, 29),
(2277, 771, 0, 26),
(2282, 774, 0, 27),
(2283, 774, 0, 24),
(2285, 776, 0, 36),
(2286, 777, 0, 34),
(2287, 775, 0, 28),
(2288, 626, 0, 29),
(2289, 626, 0, 25),
(2292, 450, 0, 36),
(2293, 274, 0, 34),
(2294, 274, 0, 36),
(2295, 778, 0, 34),
(2296, 778, 0, 35),
(2297, 779, 0, 31),
(2298, 779, 0, 33),
(2299, 780, 0, 33),
(2300, 780, 0, 33),
(2301, 780, 0, 33),
(2302, 781, 0, 33),
(2303, 781, 0, 33),
(2304, 781, 0, 33),
(2305, 781, 0, 33),
(2306, 781, 0, 33),
(2307, 781, 0, 33),
(2308, 781, 0, 33),
(2309, 781, 0, 33),
(2310, 781, 0, 33),
(2311, 781, 0, 33),
(2312, 781, 0, 33),
(2313, 781, 0, 33),
(2314, 781, 0, 33),
(2315, 781, 0, 33),
(2321, 512, 0, 32),
(2322, 512, 0, 33),
(2323, 512, 0, 33),
(2324, 581, 0, 35),
(2325, 272, 0, 32),
(2326, 272, 0, 33),
(2327, 272, 0, 34),
(2331, 380, 0, 22),
(2332, 397, 0, 37),
(2336, 589, 0, 35),
(2337, 612, 0, 36),
(2338, 612, 0, 35),
(2339, 612, 0, 33),
(2340, 494, 0, 36),
(2341, 494, 0, 35),
(2342, 494, 0, 35),
(2343, 494, 0, 33),
(2344, 494, 0, 33),
(2345, 447, 0, 36),
(2346, 648, 0, 34),
(2347, 648, 0, 34),
(2348, 648, 0, 27),
(2349, 542, 0, 31),
(2350, 542, 0, 31),
(2351, 528, 0, 36),
(2352, 528, 0, 37),
(2353, 528, 0, 33),
(2354, 783, 0, 33),
(2355, 783, 0, 36),
(2358, 430, 0, 41),
(2359, 785, 0, 37),
(2360, 785, 0, 31),
(2361, 786, 0, 28),
(2362, 786, 0, 29),
(2367, 787, 0, 35),
(2369, 789, 0, 33),
(2370, 789, 0, 36),
(2371, 663, 0, 23),
(2372, 663, 0, 28),
(2373, 663, 0, 27),
(2374, 663, 0, 15),
(2375, 663, 0, 26),
(2376, 663, 0, 28),
(2377, 663, 0, 26),
(2378, 663, 0, 26),
(2379, 663, 0, 21),
(2380, 790, 0, 31),
(2381, 790, 0, 28),
(2382, 790, 0, 28),
(2383, 790, 0, 32),
(2384, 790, 0, 32),
(2385, 791, 0, 29),
(2386, 792, 0, 33),
(2387, 761, 0, 36),
(2388, 761, 0, 36),
(2389, 761, 0, 34),
(2390, 793, 0, 34),
(2391, 793, 0, 35),
(2392, 357, 0, 34),
(2393, 357, 0, 34),
(2394, 357, 0, 33),
(2404, 794, 0, 31),
(2405, 794, 0, 34),
(2406, 794, 0, 37),
(2407, 795, 0, 34),
(2408, 795, 0, 35),
(2409, 795, 0, 32),
(2410, 795, 0, 34),
(2411, 795, 0, 29),
(2412, 795, 0, 30),
(2413, 796, 0, 31),
(2414, 796, 0, 34),
(2415, 796, 0, 37),
(2416, 797, 0, 34),
(2417, 797, 0, 35),
(2418, 797, 0, 34),
(2419, 797, 0, 34),
(2420, 797, 0, 30),
(2421, 797, 0, 29),
(2422, 798, 0, 28),
(2423, 798, 0, 36),
(2424, 799, 0, 35),
(2425, 799, 0, 34),
(2426, 800, 0, 26),
(2427, 800, 0, 35),
(2428, 801, 0, 24),
(2429, 801, 0, 28),
(2430, 801, 0, 31),
(2431, 801, 0, 31),
(2432, 802, 0, 28),
(2433, 802, 0, 30),
(2434, 802, 0, 21),
(2435, 803, 0, 38),
(2436, 804, 0, 33),
(2437, 804, 0, 33),
(2438, 804, 0, 33),
(2439, 804, 0, 33),
(2440, 804, 0, 33),
(2441, 804, 0, 36),
(2442, 804, 0, 31),
(2443, 805, 0, 37),
(2444, 805, 0, 36),
(2445, 805, 0, 32),
(2446, 806, 0, 36),
(2447, 806, 0, 38),
(2448, 806, 0, 38),
(2449, 806, 0, 26),
(2450, 807, 0, 34),
(2451, 807, 0, 32),
(2452, 807, 0, 31),
(2453, 808, 0, 35),
(2454, 808, 0, 36),
(2455, 809, 0, 35),
(2456, 809, 0, 37),
(2457, 809, 0, 25),
(2458, 809, 0, 37),
(2459, 809, 0, 35),
(2460, 810, 0, 37),
(2461, 810, 0, 37),
(2462, 810, 0, 36),
(2463, 811, 0, 37),
(2464, 811, 0, 33),
(2465, 812, 0, 32),
(2466, 812, 0, 34),
(2467, 812, 0, 34),
(2468, 813, 0, 29),
(2469, 813, 0, 37),
(2470, 814, 0, 27),
(2471, 814, 0, 27),
(2472, 814, 0, 28),
(2481, 818, 0, 31),
(2482, 818, 0, 27),
(2483, 819, 0, 25),
(2484, 819, 0, 22),
(2485, 820, 0, 35),
(2486, 820, 0, 36),
(2487, 820, 0, 32),
(2488, 476, 0, 43),
(2489, 476, 0, 46),
(2490, 476, 0, 37),
(2491, 821, 0, 33),
(2492, 822, 0, 27),
(2493, 823, 0, 32),
(2494, 823, 0, 35),
(2495, 824, 0, 34),
(2496, 825, 0, 33),
(2497, 825, 0, 34),
(2498, 826, 0, 36),
(2499, 826, 0, 37),
(2501, 828, 0, 36),
(2502, 415, 0, 34),
(2503, 829, 0, 35),
(2504, 830, 0, 35),
(2505, 830, 0, 35),
(2506, 830, 0, 34),
(2507, 830, 0, 32),
(2508, 831, 0, 31),
(2509, 831, 0, 33),
(2510, 832, 0, 34),
(2511, 832, 0, 35),
(2512, 833, 0, 36),
(2513, 834, 0, 31),
(2514, 834, 0, 31),
(2515, 834, 0, 33),
(2516, 835, 0, 26),
(2517, 835, 0, 20),
(2518, 836, 0, 31),
(2519, 836, 0, 36),
(2520, 836, 0, 32),
(2521, 837, 0, 36),
(2522, 837, 0, 34),
(2523, 838, 0, 33),
(2524, 839, 0, 36),
(2525, 839, 0, 37),
(2526, 839, 0, 28),
(2527, 839, 0, 37),
(2528, 839, 0, 36),
(2529, 839, 0, 35),
(2530, 840, 0, 34);

-- --------------------------------------------------------

--
-- Table structure for table `weight_deduction`
--

CREATE TABLE IF NOT EXISTS `weight_deduction` (
  `weight_deduction` int(11) NOT NULL
) ENGINE=InnoDB DEFAULT CHARSET=latin1;

--
-- Dumping data for table `weight_deduction`
--

REPLACE INTO `weight_deduction` (`weight_deduction`) VALUES
(2);

/*!40101 SET CHARACTER_SET_CLIENT=@OLD_CHARACTER_SET_CLIENT */;
/*!40101 SET CHARACTER_SET_RESULTS=@OLD_CHARACTER_SET_RESULTS */;
/*!40101 SET COLLATION_CONNECTION=@OLD_COLLATION_CONNECTION */;
